date,temp_c
2015-01-01,-2.8035157
2015-01-02,1.1785837
2015-01-03,3.0829165
2015-01-04,6.5987167
2015-01-05,-3.8257935
2015-01-06,-6.339157
2015-01-07,-8.930278
2015-01-08,-13.6886835
2015-01-09,-6.3939056
2015-01-10,-10.047647
2015-01-11,-3.4857929
2015-01-12,1.1159309
2015-01-13,-4.4065423
2015-01-14,-6.8304124
2015-01-15,-3.500311
2015-01-16,-0.39345875
2015-01-17,0.38061008
2015-01-18,4.545276
2015-01-19,2.9727204
2015-01-20,2.790083
2015-01-21,1.891727
2015-01-22,0.7733441
2015-01-23,0.05627224
2015-01-24,0.7340004
2015-01-25,2.4179218
2015-01-26,-1.5161196
2015-01-27,-2.7788315
2015-01-28,-4.1164474
2015-01-29,-0.0041249194
2015-01-30,-0.35613266
2015-01-31,-4.1934
2015-02-01,0.4410565
2015-02-02,-1.8046414
2015-02-03,-5.8426995
2015-02-04,0.15718158
2015-02-05,-4.968413
2015-02-06,-6.460642
2015-02-07,1.7107748
2015-02-08,7.3915467
2015-02-09,2.7360027
2015-02-10,-1.9779406
2015-02-11,-1.0089759
2015-02-12,-2.703879
2015-02-13,-8.427785
2015-02-14,-3.9287446
2015-02-15,-12.050602
2015-02-16,-12.110591
2015-02-17,-9.707105
2015-02-18,-8.772179
2015-02-19,-13.614047
2015-02-20,-14.555228
2015-02-21,-5.8123307
2015-02-22,-1.480444
2015-02-23,-7.4151173
2015-02-24,-10.677634
2015-02-25,-3.8062255
2015-02-26,-4.33483
2015-02-27,-8.846278
2015-02-28,-8.736728
2015-03-01,-3.0819771
2015-03-02,-1.4572716
2015-03-03,-0.6403943
2015-03-04,2.632846
2015-03-05,-4.491139
2015-03-06,-9.181622
2015-03-07,-1.4962775
2015-03-08,4.510658
2015-03-09,5.66551
2015-03-10,6.554418
2015-03-11,8.926957
2015-03-12,7.1594787
2015-03-13,7.3936715
2015-03-14,9.092071
2015-03-15,8.198966
2015-03-16,11.090047
2015-03-17,11.2314825
2015-03-18,3.2405195
2015-03-19,4.299859
2015-03-20,4.744472
2015-03-21,7.1347814
2015-03-22,6.283809
2015-03-23,3.3176162
2015-03-24,2.6944206
2015-03-25,7.547184
2015-03-26,8.671921
2015-03-27,3.3401158
2015-03-28,-1.2431337
2015-03-29,0.8205021
2015-03-30,8.37399
2015-03-31,10.430636
2015-04-01,9.099635
2015-04-02,12.774438
2015-04-03,13.875051
2015-04-04,8.215852
2015-04-05,9.163712
2015-04-06,12.178321
2015-04-07,14.118634
2015-04-08,13.4902525
2015-04-09,14.246228
2015-04-10,13.711347
2015-04-11,11.230044
2015-04-12,12.2456255
2015-04-13,16.793596
2015-04-14,14.72316
2015-04-15,13.007492
2015-04-16,13.930809
2015-04-17,16.281168
2015-04-18,17.715153
2015-04-19,15.887231
2015-04-20,14.195188
2015-04-21,11.814515
2015-04-22,9.994968
2015-04-23,7.525379
2015-04-24,7.883862
2015-04-25,9.184793
2015-04-26,9.339974
2015-04-27,9.405676
2015-04-28,10.796597
2015-04-29,13.12067
2015-04-30,12.85078
2015-05-01,12.025551
2015-05-02,14.844243
2015-05-03,17.42264
2015-05-04,19.481638
2015-05-05,20.002848
2015-05-06,19.680458
2015-05-07,20.575691
2015-05-08,21.488123
2015-05-09,21.101002
2015-05-10,21.447184
2015-05-11,21.456774
2015-05-12,18.540407
2015-05-13,14.2766485
2015-05-14,13.747815
2015-05-15,18.291306
2015-05-16,20.544268
2015-05-17,21.693024
2015-05-18,22.226662
2015-05-19,18.316256
2015-05-20,13.582481
2015-05-21,12.003373
2015-05-22,14.357665
2015-05-23,16.44252
2015-05-24,19.360159
2015-05-25,22.003014
2015-05-26,22.335062
2015-05-27,22.307196
2015-05-28,21.822237
2015-05-29,22.574343
2015-05-30,22.740671
2015-05-31,19.13661
2015-06-01,16.20814
2015-06-02,15.496114
2015-06-03,16.590696
2015-06-04,18.695028
2015-06-05,20.60208
2015-06-06,20.388979
2015-06-07,21.25387
2015-06-08,22.801485
2015-06-09,21.750223
2015-06-10,23.324045
2015-06-11,24.953522
2015-06-12,25.173906
2015-06-13,24.220642
2015-06-14,24.612045
2015-06-15,25.044174
2015-06-16,24.753752
2015-06-17,22.638704
2015-06-18,23.363653
2015-06-19,22.485235
2015-06-20,22.341675
2015-06-21,24.508757
2015-06-22,25.08512
2015-06-23,25.864151
2015-06-24,22.752192
2015-06-25,22.653885
2015-06-26,22.167822
2015-06-27,20.258173
2015-06-28,19.371878
2015-06-29,20.26845
2015-06-30,21.76534
2015-07-01,21.280643
2015-07-02,20.749706
2015-07-03,20.707895
2015-07-04,21.486689
2015-07-05,22.04001
2015-07-06,23.326347
2015-07-07,23.818834
2015-07-08,21.27871
2015-07-09,22.550432
2015-07-10,22.567299
2015-07-11,22.63983
2015-07-12,23.555252
2015-07-13,24.3202
2015-07-14,24.570444
2015-07-15,22.5952
2015-07-16,21.485537
2015-07-17,24.161871
2015-07-18,26.202826
2015-07-19,26.41625
2015-07-20,25.623121
2015-07-21,24.904913
2015-07-22,22.611822
2015-07-23,22.647337
2015-07-24,23.270493
2015-07-25,24.2465
2015-07-26,25.061676
2015-07-27,25.337961
2015-07-28,26.059008
2015-07-29,26.524332
2015-07-30,25.49626
2015-07-31,24.657835
2015-08-01,24.183508
2015-08-02,24.17926
2015-08-03,24.712938
2015-08-04,24.220411
2015-08-05,23.267355
2015-08-06,21.707321
2015-08-07,21.548655
2015-08-08,22.80587
2015-08-09,23.570475
2015-08-10,23.823668
2015-08-11,23.571165
2015-08-12,22.18363
2015-08-13,21.452997
2015-08-14,22.794022
2015-08-15,23.79827
2015-08-16,24.531267
2015-08-17,24.924353
2015-08-18,24.122766
2015-08-19,24.021011
2015-08-20,22.500158
2015-08-21,21.17763
2015-08-22,21.03753
2015-08-23,22.005651
2015-08-24,21.545626
2015-08-25,19.768772
2015-08-26,18.974365
2015-08-27,19.054296
2015-08-28,19.881187
2015-08-29,21.910368
2015-08-30,23.137247
2015-08-31,24.150536
2015-09-01,24.869211
2015-09-02,25.181952
2015-09-03,25.371042
2015-09-04,25.219421
2015-09-05,24.47785
2015-09-06,24.565714
2015-09-07,25.193367
2015-09-08,25.596102
2015-09-09,24.25537
2015-09-10,21.984655
2015-09-11,19.973707
2015-09-12,17.249933
2015-09-13,15.584588
2015-09-14,16.580215
2015-09-15,19.197573
2015-09-16,20.413183
2015-09-17,21.155878
2015-09-18,21.80455
2015-09-19,21.528137
2015-09-20,18.172377
2015-09-21,16.828758
2015-09-22,18.078167
2015-09-23,19.077085
2015-09-24,19.419037
2015-09-25,19.327888
2015-09-26,18.724642
2015-09-27,19.15602
2015-09-28,20.878355
2015-09-29,21.251268
2015-09-30,18.248055
2015-10-01,14.382721
2015-10-02,12.618778
2015-10-03,10.776451
2015-10-04,13.534747
2015-10-05,15.711578
2015-10-06,16.706005
2015-10-07,17.705202
2015-10-08,17.791496
2015-10-09,18.107542
2015-10-10,13.88005
2015-10-11,13.764993
2015-10-12,16.742983
2015-10-13,16.256706
2015-10-14,13.949501
2015-10-15,12.850322
2015-10-16,12.245834
2015-10-17,7.7381644
2015-10-18,5.9158974
2015-10-19,8.069245
2015-10-20,13.81808
2015-10-21,15.43419
2015-10-22,16.856436
2015-10-23,15.252688
2015-10-24,15.021083
2015-10-25,13.609065
2015-10-26,10.561806
2015-10-27,10.537815
2015-10-28,14.148011
2015-10-29,12.502149
2015-10-30,8.899648
2015-10-31,9.012071
2015-11-01,13.288651
2015-11-02,13.387891
2015-11-03,13.857617
2015-11-04,15.835457
2015-11-05,17.928696
2015-11-06,17.435268
2015-11-07,12.079228
2015-11-08,7.7314963
2015-11-09,6.6526628
2015-11-10,9.907126
2015-11-11,10.493062
2015-11-12,11.7034445
2015-11-13,9.475652
2015-11-14,6.4160385
2015-11-15,8.666266
2015-11-16,9.934872
2015-11-17,11.430505
2015-11-18,14.071019
2015-11-19,13.102608
2015-11-20,7.218635
2015-11-21,4.9513326
2015-11-22,1.819878
2015-11-23,0.7526733
2015-11-24,3.286255
2015-11-25,6.356121
2015-11-26,11.138382
2015-11-27,12.175479
2015-11-28,9.014496
2015-11-29,6.34977
2015-11-30,5.1544166
2015-12-01,8.185081
2015-12-02,6.945604
2015-12-03,4.1401744
2015-12-04,3.1424935
2015-12-05,2.7958028
2015-12-06,3.713518
2015-12-07,5.1209054
2015-12-08,5.752014
2015-12-09,7.3336253
2015-12-10,9.561475
2015-12-11,10.7718935
2015-12-12,14.629144
2015-12-13,15.236209
2015-12-14,14.226064
2015-12-15,10.08309
2015-12-16,8.251477
2015-12-17,7.1083846
2015-12-18,2.5785582
2015-12-19,-0.23565869
2015-12-20,1.9328896
2015-12-21,7.645075
2015-12-22,10.560554
2015-12-23,12.826599
2015-12-24,13.288953
2015-12-25,10.946307
2015-12-26,9.975814
2015-12-27,11.650704
2015-12-28,5.7788653
2015-12-29,6.500196
2015-12-30,5.0316715
2015-12-31,3.7433383
2016-01-01,0.9588043
2016-01-02,0.5139006
2016-01-03,1.293249
2016-01-04,-1.0352423
2016-01-05,-4.9542136
2016-01-06,-2.1296928
2016-01-07,1.7657455
2016-01-08,4.402484
2016-01-09,6.6798253
2016-01-10,2.5947268
2016-01-11,-5.5104537
2016-01-12,-2.467386
2016-01-13,-6.9329276
2016-01-14,0.77515346
2016-01-15,5.3459435
2016-01-16,2.538223
2016-01-17,-2.6028874
2016-01-18,-9.890769
2016-01-19,-10.061626
2016-01-20,-6.8065963
2016-01-21,-5.3826566
2016-01-22,-4.784666
2016-01-23,-3.837757
2016-01-24,-4.0949416
2016-01-25,-0.36445352
2016-01-26,3.7181375
2016-01-27,1.0463091
2016-01-28,0.39420843
2016-01-29,1.3144621
2016-01-30,2.9542854
2016-01-31,9.307621
2016-02-01,8.217835
2016-02-02,5.527027
2016-02-03,8.956271
2016-02-04,3.685918
2016-02-05,0.33202884
2016-02-06,0.8435421
2016-02-07,3.2842925
2016-02-08,2.454502
2016-02-09,-2.1514642
2016-02-10,-5.162343
2016-02-11,-6.525814
2016-02-12,-5.832867
2016-02-13,-8.197625
2016-02-14,-9.761478
2016-02-15,-4.1669025
2016-02-16,1.5921994
2016-02-17,1.3561136
2016-02-18,0.3062768
2016-02-19,5.254544
2016-02-20,11.375565
2016-02-21,9.673324
2016-02-22,5.0796676
2016-02-23,4.38939
2016-02-24,5.967602
2016-02-25,4.098232
2016-02-26,0.47091064
2016-02-27,1.6800741
2016-02-28,9.052012
2016-02-29,9.57742
2016-03-01,6.5415916
2016-03-02,1.2149613
2016-03-03,-0.15439983
2016-03-04,1.0050194
2016-03-05,2.1048272
2016-03-06,3.725416
2016-03-07,9.121357
2016-03-08,14.81309
2016-03-09,15.528816
2016-03-10,15.019649
2016-03-11,11.761136
2016-03-12,10.756732
2016-03-13,13.075347
2016-03-14,12.647583
2016-03-15,12.8979645
2016-03-16,14.22697
2016-03-17,11.634763
2016-03-18,9.056613
2016-03-19,5.5646167
2016-03-20,3.221514
2016-03-21,3.8183467
2016-03-22,7.990353
2016-03-23,13.657387
2016-03-24,13.827209
2016-03-25,8.992529
2016-03-26,7.2161446
2016-03-27,11.04393
2016-03-28,10.151445
2016-03-29,8.352755
2016-03-30,9.750041
2016-03-31,15.646423
2016-04-01,14.271939
2016-04-02,9.030739
2016-04-03,5.1108155
2016-04-04,9.936837
2016-04-05,2.780646
2016-04-06,6.7385826
2016-04-07,8.77518
2016-04-08,5.221335
2016-04-09,2.4758358
2016-04-10,3.6208375
2016-04-11,11.581844
2016-04-12,9.110947
2016-04-13,7.773487
2016-04-14,10.213021
2016-04-15,12.949204
2016-04-16,14.869956
2016-04-17,16.208189
2016-04-18,17.924154
2016-04-19,17.538464
2016-04-20,15.892465
2016-04-21,16.55706
2016-04-22,15.965177
2016-04-23,13.523358
2016-04-24,13.626292
2016-04-25,17.5817
2016-04-26,18.976301
2016-04-27,13.795646
2016-04-28,13.659801
2016-04-29,12.345822
2016-04-30,12.150874
2016-05-01,14.36734
2016-05-02,14.167024
2016-05-03,13.3125925
2016-05-04,12.44611
2016-05-05,10.58919
2016-05-06,13.084569
2016-05-07,15.764972
2016-05-08,15.140536
2016-05-09,14.478284
2016-05-10,15.424821
2016-05-11,17.026606
2016-05-12,18.186518
2016-05-13,16.756546
2016-05-14,12.757899
2016-05-15,9.334987
2016-05-16,10.591412
2016-05-17,12.41557
2016-05-18,12.8229475
2016-05-19,14.194653
2016-05-20,15.382535
2016-05-21,15.663882
2016-05-22,15.795357
2016-05-23,17.037626
2016-05-24,19.387606
2016-05-25,21.241192
2016-05-26,22.037071
2016-05-27,22.872437
2016-05-28,23.747435
2016-05-29,23.038843
2016-05-30,22.451347
2016-05-31,22.659454
2016-06-01,22.689032
2016-06-02,22.203346
2016-06-03,21.866287
2016-06-04,21.71285
2016-06-05,21.476492
2016-06-06,22.181955
2016-06-07,20.726212
2016-06-08,17.556908
2016-06-09,18.336094
2016-06-10,21.796274
2016-06-11,24.870153
2016-06-12,25.596426
2016-06-13,21.35216
2016-06-14,22.32308
2016-06-15,23.428999
2016-06-16,23.712715
2016-06-17,22.458033
2016-06-18,22.853392
2016-06-19,23.972029
2016-06-20,25.263136
2016-06-21,24.98607
2016-06-22,23.27562
2016-06-23,24.237669
2016-06-24,23.03798
2016-06-25,24.043394
2016-06-26,25.09598
2016-06-27,24.813116
2016-06-28,23.661924
2016-06-29,20.732557
2016-06-30,21.028185
2016-07-01,22.33314
2016-07-02,20.468016
2016-07-03,19.750626
2016-07-04,20.763739
2016-07-05,24.209204
2016-07-06,25.332327
2016-07-07,24.619827
2016-07-08,25.200226
2016-07-09,24.05407
2016-07-10,23.174288
2016-07-11,23.9746
2016-07-12,24.860575
2016-07-13,25.663183
2016-07-14,25.402819
2016-07-15,25.049288
2016-07-16,23.362656
2016-07-17,24.213999
2016-07-18,26.063393
2016-07-19,25.424072
2016-07-20,24.53186
2016-07-21,25.56601
2016-07-22,26.38372
2016-07-23,27.372421
2016-07-24,27.557121
2016-07-25,27.335943
2016-07-26,26.1392
2016-07-27,25.922739
2016-07-28,25.315893
2016-07-29,24.457903
2016-07-30,23.887228
2016-07-31,24.242743
2016-08-01,24.432474
2016-08-02,24.62638
2016-08-03,24.79905
2016-08-04,24.944109
2016-08-05,25.069963
2016-08-06,25.141153
2016-08-07,23.995447
2016-08-08,23.715113
2016-08-09,24.498657
2016-08-10,26.414703
2016-08-11,27.442924
2016-08-12,27.656816
2016-08-13,27.021399
2016-08-14,25.484278
2016-08-15,24.44187
2016-08-16,24.940878
2016-08-17,24.69398
2016-08-18,24.481735
2016-08-19,24.401917
2016-08-20,24.316664
2016-08-21,22.993814
2016-08-22,20.894373
2016-08-23,21.040071
2016-08-24,23.349854
2016-08-25,25.4534
2016-08-26,25.813173
2016-08-27,25.386477
2016-08-28,25.585526
2016-08-29,25.14911
2016-08-30,24.695719
2016-08-31,24.086344
2016-09-01,22.105433
2016-09-02,20.112606
2016-09-03,20.023285
2016-09-04,20.840204
2016-09-05,22.600037
2016-09-06,24.924433
2016-09-07,25.94902
2016-09-08,25.995514
2016-09-09,24.984962
2016-09-10,24.689283
2016-09-11,21.209082
2016-09-12,19.72638
2016-09-13,21.607208
2016-09-14,22.606215
2016-09-15,21.033224
2016-09-16,21.046732
2016-09-17,22.286917
2016-09-18,22.401018
2016-09-19,22.156046
2016-09-20,22.477465
2016-09-21,22.533203
2016-09-22,22.511637
2016-09-23,23.16825
2016-09-24,21.812357
2016-09-25,20.148842
2016-09-26,18.5557
2016-09-27,17.287704
2016-09-28,16.432158
2016-09-29,16.105507
2016-09-30,16.206022
2016-10-01,16.452883
2016-10-02,16.98868
2016-10-03,17.227907
2016-10-04,17.813993
2016-10-05,18.917284
2016-10-06,18.861893
2016-10-07,18.56413
2016-10-08,16.112726
2016-10-09,13.585717
2016-10-10,12.782776
2016-10-11,13.90866
2016-10-12,15.684554
2016-10-13,13.711094
2016-10-14,11.576248
2016-10-15,14.81631
2016-10-16,18.567652
2016-10-17,20.867365
2016-10-18,22.005775
2016-10-19,20.512133
2016-10-20,17.699219
2016-10-21,13.823348
2016-10-22,9.699257
2016-10-23,12.0394745
2016-10-24,14.007005
2016-10-25,9.748806
2016-10-26,9.506122
2016-10-27,11.689667
2016-10-28,11.182971
2016-10-29,15.49656
2016-10-30,17.751297
2016-10-31,12.423836
2016-11-01,15.060412
2016-11-02,18.030678
2016-11-03,17.339516
2016-11-04,12.655524
2016-11-05,9.56581
2016-11-06,11.0078125
2016-11-07,10.654608
2016-11-08,11.357852
2016-11-09,10.50992
2016-11-10,8.260665
2016-11-11,10.42857
2016-11-12,5.7036576
2016-11-13,5.400703
2016-11-14,7.121488
2016-11-15,9.104066
2016-11-16,9.484656
2016-11-17,11.3487425
2016-11-18,14.008995
2016-11-19,8.379826
2016-11-20,1.8048679
2016-11-21,1.0812534
2016-11-22,2.1034517
2016-11-23,4.331136
2016-11-24,7.334088
2016-11-25,6.7841487
2016-11-26,5.5288796
2016-11-27,4.0740743
2016-11-28,6.5297318
2016-11-29,11.348887
2016-11-30,10.999832
2016-12-01,6.853045
2016-12-02,4.064704
2016-12-03,3.7634008
2016-12-04,3.3626063
2016-12-05,4.343681
2016-12-06,4.0394955
2016-12-07,3.0601346
2016-12-08,-0.021486243
2016-12-09,-2.7987735
2016-12-10,-3.3057911
2016-12-11,-0.69255346
2016-12-12,3.2026036
2016-12-13,0.3987778
2016-12-14,-2.6359138
2016-12-15,-7.0527267
2016-12-16,-8.134648
2016-12-17,1.2458031
2016-12-18,0.69767666
2016-12-19,-6.71039
2016-12-20,-4.4219947
2016-12-21,-0.39099094
2016-12-22,3.422221
2016-12-23,1.9667745
2016-12-24,5.3088336
2016-12-25,5.274356
2016-12-26,9.354541
2016-12-27,7.5314975
2016-12-28,2.9827774
2016-12-29,3.775451
2016-12-30,1.410574
2016-12-31,2.4419057
2017-01-01,3.4667943
2017-01-02,5.439249
2017-01-03,7.6417885
2017-01-04,1.9523044
2017-01-05,-4.584283
2017-01-06,-7.718845
2017-01-07,-9.890222
2017-01-08,-9.699851
2017-01-09,-6.3156095
2017-01-10,1.610713
2017-01-11,6.270466
2017-01-12,10.901111
2017-01-13,3.5268757
2017-01-14,1.0401384
2017-01-15,1.1435313
2017-01-16,3.1546795
2017-01-17,7.968878
2017-01-18,6.1267586
2017-01-19,5.064737
2017-01-20,7.239002
2017-01-21,10.112232
2017-01-22,9.65673
2017-01-23,7.4226036
2017-01-24,4.3591266
2017-01-25,6.465845
2017-01-26,5.3073773
2017-01-27,0.9462705
2017-01-28,0.04744433
2017-01-29,0.62458163
2017-01-30,-1.6856416
2017-01-31,2.69164
2017-02-01,4.300014
2017-02-02,0.80310327
2017-02-03,-2.8176124
2017-02-04,-4.07234
2017-02-05,2.4988086
2017-02-06,4.588951
2017-02-07,11.215179
2017-02-08,7.7716756
2017-02-09,-1.4584967
2017-02-10,-2.8546197
2017-02-11,8.102417
2017-02-12,9.841678
2017-02-13,3.3516319
2017-02-14,3.482993
2017-02-15,3.782244
2017-02-16,1.0099391
2017-02-17,5.389563
2017-02-18,10.308468
2017-02-19,11.189824
2017-02-20,10.474795
2017-02-21,11.382301
2017-02-22,12.378308
2017-02-23,13.759389
2017-02-24,15.2777405
2017-02-25,8.799024
2017-02-26,1.7320064
2017-02-27,5.485592
2017-02-28,10.252994
2017-03-01,13.578977
2017-03-02,4.9388127
2017-03-03,0.36089846
2017-03-04,0.12361592
2017-03-05,2.8617954
2017-03-06,8.627967
2017-03-07,11.869713
2017-03-08,9.901915
2017-03-09,10.15899
2017-03-10,4.704641
2017-03-11,-2.2192109
2017-03-12,-2.0573924
2017-03-13,-0.65807575
2017-03-14,-1.3597924
2017-03-15,-4.65382
2017-03-16,-1.3768926
2017-03-17,2.5499713
2017-03-18,5.7467823
2017-03-19,4.5328794
2017-03-20,7.0700097
2017-03-21,9.751811
2017-03-22,4.369776
2017-03-23,2.4621332
2017-03-24,11.809873
2017-03-25,15.492946
2017-03-26,12.576114
2017-03-27,12.377551
2017-03-28,12.38292
2017-03-29,10.921536
2017-03-30,11.199509
2017-03-31,9.614381
2017-04-01,7.6462445
2017-04-02,9.341083
2017-04-03,13.030907
2017-04-04,14.48098
2017-04-05,12.991592
2017-04-06,9.924359
2017-04-07,6.445639
2017-04-08,8.282887
2017-04-09,13.826619
2017-04-10,18.406866
2017-04-11,16.791382
2017-04-12,14.275143
2017-04-13,14.212231
2017-04-14,15.608246
2017-04-15,18.584888
2017-04-16,20.112152
2017-04-17,16.954617
2017-04-18,15.273499
2017-04-19,16.800028
2017-04-20,18.431696
2017-04-21,15.4279785
2017-04-22,11.255551
2017-04-23,10.976031
2017-04-24,13.333794
2017-04-25,15.384995
2017-04-26,17.93373
2017-04-27,16.912256
2017-04-28,15.662433
2017-04-29,18.225111
2017-04-30,18.296648
2017-05-01,17.362532
2017-05-02,14.251086
2017-05-03,12.179027
2017-05-04,11.615338
2017-05-05,12.693436
2017-05-06,11.774112
2017-05-07,10.696809
2017-05-08,10.981163
2017-05-09,13.326237
2017-05-10,16.363678
2017-05-11,16.303862
2017-05-12,13.948369
2017-05-13,14.327263
2017-05-14,17.028955
2017-05-15,18.202675
2017-05-16,20.1754
2017-05-17,23.426651
2017-05-18,24.495682
2017-05-19,21.341913
2017-05-20,17.954115
2017-05-21,17.932495
2017-05-22,16.380133
2017-05-23,16.550444
2017-05-24,16.06378
2017-05-25,15.625142
2017-05-26,17.530386
2017-05-27,19.66629
2017-05-28,19.449232
2017-05-29,19.969328
2017-05-30,19.35917
2017-05-31,19.37803
2017-06-01,19.604122
2017-06-02,20.054739
2017-06-03,21.041353
2017-06-04,21.890701
2017-06-05,21.437952
2017-06-06,18.971663
2017-06-07,17.079124
2017-06-08,17.255262
2017-06-09,19.613594
2017-06-10,22.486292
2017-06-11,24.770103
2017-06-12,25.978088
2017-06-13,26.263346
2017-06-14,24.77237
2017-06-15,23.442572
2017-06-16,23.559916
2017-06-17,24.24437
2017-06-18,24.986456
2017-06-19,23.050234
2017-06-20,21.889053
2017-06-21,22.77349
2017-06-22,23.966394
2017-06-23,24.021416
2017-06-24,22.511086
2017-06-25,20.611467
2017-06-26,19.2049
2017-06-27,18.512161
2017-06-28,19.691223
2017-06-29,23.310316
2017-06-30,24.579271
2017-07-01,24.219057
2017-07-02,24.146109
2017-07-03,24.395945
2017-07-04,23.936941
2017-07-05,23.757391
2017-07-06,23.622305
2017-07-07,24.46842
2017-07-08,23.259798
2017-07-09,22.529078
2017-07-10,23.85575
2017-07-11,25.098602
2017-07-12,26.232948
2017-07-13,26.484793
2017-07-14,24.88122
2017-07-15,23.341064
2017-07-16,23.52088
2017-07-17,24.062098
2017-07-18,24.931543
2017-07-19,26.353296
2017-07-20,26.930466
2017-07-21,27.331236
2017-07-22,26.812323
2017-07-23,25.785614
2017-07-24,24.149942
2017-07-25,22.524405
2017-07-26,22.852905
2017-07-27,24.161337
2017-07-28,23.64247
2017-07-29,21.374819
2017-07-30,21.325226
2017-07-31,22.859055
2017-08-01,23.736893
2017-08-02,23.661707
2017-08-03,23.625238
2017-08-04,22.406763
2017-08-05,20.217384
2017-08-06,19.95711
2017-08-07,20.583689
2017-08-08,21.027353
2017-08-09,21.164488
2017-08-10,22.021795
2017-08-11,22.592325
2017-08-12,22.197218
2017-08-13,21.547577
2017-08-14,21.966253
2017-08-15,23.717926
2017-08-16,24.396982
2017-08-17,24.758204
2017-08-18,24.731972
2017-08-19,24.025452
2017-08-20,23.866846
2017-08-21,25.139639
2017-08-22,25.053236
2017-08-23,22.077066
2017-08-24,19.74794
2017-08-25,19.05394
2017-08-26,19.179565
2017-08-27,19.997126
2017-08-28,20.252367
2017-08-29,19.674627
2017-08-30,20.242369
2017-08-31,20.968016
2017-09-01,17.473665
2017-09-02,15.388526
2017-09-03,18.730194
2017-09-04,21.34781
2017-09-05,20.819674
2017-09-06,16.380745
2017-09-07,15.058253
2017-09-08,16.208513
2017-09-09,16.515966
2017-09-10,15.822273
2017-09-11,16.042784
2017-09-12,17.774237
2017-09-13,19.094866
2017-09-14,19.578089
2017-09-15,20.71059
2017-09-16,21.847467
2017-09-17,22.183851
2017-09-18,21.703888
2017-09-19,21.842398
2017-09-20,22.972364
2017-09-21,23.993202
2017-09-22,23.968801
2017-09-23,23.720957
2017-09-24,23.832373
2017-09-25,23.860346
2017-09-26,23.925926
2017-09-27,23.022652
2017-09-28,19.678839
2017-09-29,16.461538
2017-09-30,15.18042
2017-10-01,13.892383
2017-10-02,16.740168
2017-10-03,18.583971
2017-10-04,19.430246
2017-10-05,19.75671
2017-10-06,20.218431
2017-10-07,21.711329
2017-10-08,20.854301
2017-10-09,21.558844
2017-10-10,21.060839
2017-10-11,18.51287
2017-10-12,16.102196
2017-10-13,16.405836
2017-10-14,18.779284
2017-10-15,19.151062
2017-10-16,12.969859
2017-10-17,10.536653
2017-10-18,12.565982
2017-10-19,14.659678
2017-10-20,15.662135
2017-10-21,16.505384
2017-10-22,17.326124
2017-10-23,16.303568
2017-10-24,13.391582
2017-10-25,9.526561
2017-10-26,8.895414
2017-10-27,10.275672
2017-10-28,8.425492
2017-10-29,7.3331027
2017-10-30,6.916918
2017-10-31,6.4953766
2017-11-01,6.480002
2017-11-02,14.527759
2017-11-03,14.500789
2017-11-04,11.205917
2017-11-05,15.20894
2017-11-06,12.913167
2017-11-07,7.7298493
2017-11-08,5.7950897
2017-11-09,5.755215
2017-11-10,2.222247
2017-11-11,-0.5367087
2017-11-12,3.8994792
2017-11-13,5.577173
2017-11-14,5.369044
2017-11-15,6.3066754
2017-11-16,6.526221
2017-11-17,4.7103786
2017-11-18,9.055625
2017-11-19,5.936914
2017-11-20,3.028844
2017-11-21,6.711361
2017-11-22,4.3894362
2017-11-23,1.5741478
2017-11-24,4.6220345
2017-11-25,9.210968
2017-11-26,5.905274
2017-11-27,6.402723
2017-11-28,9.662655
2017-11-29,9.838367
2017-11-30,7.9798636
2017-12-01,6.172815
2017-12-02,5.186321
2017-12-03,6.117022
2017-12-04,8.474309
2017-12-05,9.256091
2017-12-06,3.6098435
2017-12-07,1.0293944
2017-12-08,-1.806529
2017-12-09,-1.2556833
2017-12-10,-1.0238038
2017-12-11,1.768786
2017-12-12,1.5800866
2017-12-13,-3.1506398
2017-12-14,-0.6350997
2017-12-15,-2.6341937
2017-12-16,1.5899891
2017-12-17,3.2119007
2017-12-18,5.7755218
2017-12-19,7.6961646
2017-12-20,6.0808067
2017-12-21,2.756245
2017-12-22,6.7679114
2017-12-23,5.829145
2017-12-24,1.003603
2017-12-25,-3.0363414
2017-12-26,-6.4156423
2017-12-27,-9.488259
2017-12-28,-10.889672
2017-12-29,-7.580978
2017-12-30,-6.5234427
2017-12-31,-11.433937
2018-01-01,-13.863561
2018-01-02,-13.548168
2018-01-03,-9.571208
2018-01-04,-8.826001
2018-01-05,-11.819713
2018-01-06,-13.271816
2018-01-07,-9.925147
2018-01-08,-0.633682
2018-01-09,1.4593493
2018-01-10,3.9036038
2018-01-11,10.703442
2018-01-12,6.68692
2018-01-13,-3.948291
2018-01-14,-9.447728
2018-01-15,-6.498075
2018-01-16,-7.05156
2018-01-17,-9.0004225
2018-01-18,-7.070641
2018-01-19,-1.1526585
2018-01-20,4.0285244
2018-01-21,6.856958
2018-01-22,10.23085
2018-01-23,7.1119614
2018-01-24,1.3876119
2018-01-25,0.02756857
2018-01-26,3.372905
2018-01-27,7.574108
2018-01-28,6.1900597
2018-01-29,2.2024276
2018-01-30,-2.653724
2018-01-31,-1.1077639
2018-02-01,3.535019
2018-02-02,-5.209689
2018-02-03,-4.8851795
2018-02-04,0.8958486
2018-02-05,-4.9722977
2018-02-06,-3.908109
2018-02-07,-2.2126017
2018-02-08,-3.9575558
2018-02-09,-0.55760664
2018-02-10,2.4720862
2018-02-11,3.2539387
2018-02-12,0.30982915
2018-02-13,-1.3756946
2018-02-14,5.253155
2018-02-15,12.415494
2018-02-16,9.382743
2018-02-17,0.6640968
2018-02-18,2.37272
2018-02-19,8.442742
2018-02-20,15.613149
2018-02-21,11.807044
2018-02-22,6.8166847
2018-02-23,8.069092
2018-02-24,8.786077
2018-02-25,9.273392
2018-02-26,6.9383883
2018-02-27,7.2107177
2018-02-28,10.156692
2018-03-01,9.70579
2018-03-02,4.3537617
2018-03-03,3.0794258
2018-03-04,3.5000713
2018-03-05,2.9400656
2018-03-06,3.8396046
2018-03-07,2.2900288
2018-03-08,-0.21592863
2018-03-09,0.044575434
2018-03-10,1.9843067
2018-03-11,2.3639286
2018-03-12,1.4023362
2018-03-13,0.86489385
2018-03-14,-0.23667741
2018-03-15,4.155208
2018-03-16,3.04967
2018-03-17,3.3340187
2018-03-18,4.432149
2018-03-19,6.245169
2018-03-20,3.3756466
2018-03-21,1.1397253
2018-03-22,1.947547
2018-03-23,3.5761325
2018-03-24,2.7474678
2018-03-25,2.2655227
2018-03-26,4.665262
2018-03-27,7.52455
2018-03-28,8.804214
2018-03-29,11.464569
2018-03-30,9.034733
2018-03-31,7.0359664
2018-04-01,6.943628
2018-04-02,3.717116
2018-04-03,8.415988
2018-04-04,7.0754623
2018-04-05,2.8729827
2018-04-06,7.0204263
2018-04-07,2.5021365
2018-04-08,1.1282929
2018-04-09,2.6533315
2018-04-10,4.005598
2018-04-11,7.0444946
2018-04-12,14.576863
2018-04-13,18.70077
2018-04-14,16.992546
2018-04-15,10.515935
2018-04-16,5.038977
2018-04-17,3.682704
2018-04-18,7.2057843
2018-04-19,7.3209357
2018-04-20,6.770059
2018-04-21,9.120784
2018-04-22,11.953807
2018-04-23,13.077496
2018-04-24,12.823467
2018-04-25,12.854388
2018-04-26,11.871892
2018-04-27,13.260505
2018-04-28,11.906792
2018-04-29,8.780698
2018-04-30,11.623738
2018-05-01,17.217428
2018-05-02,21.423538
2018-05-03,21.977728
2018-05-04,21.30425
2018-05-05,18.213562
2018-05-06,17.117624
2018-05-07,16.286898
2018-05-08,17.17903
2018-05-09,19.206474
2018-05-10,20.285723
2018-05-11,18.991669
2018-05-12,19.235191
2018-05-13,19.069605
2018-05-14,21.256685
2018-05-15,22.1979
2018-05-16,19.846464
2018-05-17,20.294264
2018-05-18,19.411737
2018-05-19,18.735601
2018-05-20,20.566082
2018-05-21,20.071404
2018-05-22,20.34226
2018-05-23,20.791637
2018-05-24,21.49605
2018-05-25,22.593592
2018-05-26,23.851137
2018-05-27,24.025991
2018-05-28,23.775751
2018-05-29,24.080137
2018-05-30,24.079254
2018-05-31,23.73525
2018-06-01,23.453096
2018-06-02,22.546183
2018-06-03,21.545874
2018-06-04,19.176542
2018-06-05,19.664919
2018-06-06,18.65643
2018-06-07,20.568182
2018-06-08,22.694136
2018-06-09,23.311768
2018-06-10,21.858736
2018-06-11,20.344208
2018-06-12,20.853273
2018-06-13,22.89469
2018-06-14,23.077951
2018-06-15,22.843843
2018-06-16,24.169413
2018-06-17,26.267954
2018-06-18,27.317352
2018-06-19,26.456507
2018-06-20,23.837921
2018-06-21,22.670038
2018-06-22,21.087065
2018-06-23,21.12471
2018-06-24,23.10585
2018-06-25,22.253736
2018-06-26,21.739807
2018-06-27,22.275442
2018-06-28,24.390352
2018-06-29,25.433136
2018-06-30,27.065641
2018-07-01,27.57293
2018-07-02,26.894873
2018-07-03,26.578896
2018-07-04,27.274826
2018-07-05,27.224329
2018-07-06,24.979782
2018-07-07,21.547415
2018-07-08,22.043207
2018-07-09,24.061094
2018-07-10,25.922232
2018-07-11,25.31692
2018-07-12,24.043356
2018-07-13,24.771765
2018-07-14,25.79637
2018-07-15,25.552307
2018-07-16,25.901892
2018-07-17,25.459661
2018-07-18,23.316742
2018-07-19,22.85312
2018-07-20,23.927843
2018-07-21,22.388624
2018-07-22,21.66535
2018-07-23,22.68734
2018-07-24,23.850016
2018-07-25,24.00046
2018-07-26,23.836782
2018-07-27,22.980673
2018-07-28,22.062342
2018-07-29,21.818344
2018-07-30,21.607397
2018-07-31,21.89979
2018-08-01,22.709665
2018-08-02,23.290604
2018-08-03,23.797417
2018-08-04,25.152191
2018-08-05,26.140722
2018-08-06,26.246332
2018-08-07,25.261778
2018-08-08,24.552256
2018-08-09,24.526207
2018-08-10,24.40918
2018-08-11,23.944948
2018-08-12,23.634085
2018-08-13,23.234674
2018-08-14,23.05718
2018-08-15,23.946753
2018-08-16,24.411644
2018-08-17,24.79252
2018-08-18,24.090921
2018-08-19,23.04721
2018-08-20,23.136353
2018-08-21,23.098536
2018-08-22,21.948563
2018-08-23,19.790695
2018-08-24,19.901934
2018-08-25,22.259085
2018-08-26,24.685114
2018-08-27,26.45627
2018-08-28,27.158813
2018-08-29,26.046005
2018-08-30,23.845581
2018-08-31,23.162298
2018-09-01,24.102743
2018-09-02,25.194174
2018-09-03,26.415258
2018-09-04,26.688623
2018-09-05,26.762491
2018-09-06,25.134066
2018-09-07,23.258844
2018-09-08,20.225563
2018-09-09,17.004234
2018-09-10,17.513607
2018-09-11,19.165918
2018-09-12,20.626076
2018-09-13,22.367722
2018-09-14,23.423813
2018-09-15,23.690813
2018-09-16,23.567976
2018-09-17,23.467836
2018-09-18,24.091965
2018-09-19,23.52418
2018-09-20,23.689405
2018-09-21,24.273987
2018-09-22,19.031448
2018-09-23,16.404743
2018-09-24,18.09457
2018-09-25,20.889797
2018-09-26,20.735388
2018-09-27,16.115406
2018-09-28,16.033648
2018-09-29,15.506511
2018-09-30,17.178703
2018-10-01,19.962107
2018-10-02,21.523102
2018-10-03,22.221786
2018-10-04,22.02449
2018-10-05,18.981583
2018-10-06,21.729284
2018-10-07,21.919374
2018-10-08,22.894968
2018-10-09,23.564367
2018-10-10,22.3134
2018-10-11,17.931295
2018-10-12,10.726933
2018-10-13,8.391761
2018-10-14,9.544665
2018-10-15,12.7072935
2018-10-16,9.512656
2018-10-17,10.276299
2018-10-18,7.9738936
2018-10-19,8.613067
2018-10-20,12.174449
2018-10-21,6.0347886
2018-10-22,7.307987
2018-10-23,10.485475
2018-10-24,7.7352223
2018-10-25,6.5989456
2018-10-26,7.83724
2018-10-27,8.873411
2018-10-28,9.563533
2018-10-29,9.819217
2018-10-30,10.237701
2018-10-31,13.624336
2018-11-01,12.911034
2018-11-02,11.593529
2018-11-03,8.570359
2018-11-04,8.850544
2018-11-05,10.772442
2018-11-06,12.583089
2018-11-07,9.43936
2018-11-08,6.178009
2018-11-09,4.896464
2018-11-10,1.0120072
2018-11-11,0.71271926
2018-11-12,2.751485
2018-11-13,2.6192954
2018-11-14,-0.236088
2018-11-15,0.455206
2018-11-16,2.036012
2018-11-17,3.7773387
2018-11-18,3.9016368
2018-11-19,4.5626445
2018-11-20,3.981847
2018-11-21,2.067398
2018-11-22,0.6926264
2018-11-23,1.5884026
2018-11-24,6.270996
2018-11-25,7.5332885
2018-11-26,5.181669
2018-11-27,-0.69587225
2018-11-28,-2.761304
2018-11-29,0.37941572
2018-11-30,4.614468
2018-12-01,6.8537498
2018-12-02,10.226403
2018-12-03,6.919496
2018-12-04,2.0073802
2018-12-05,-0.47171536
2018-12-06,0.20812677
2018-12-07,-0.6246342
2018-12-08,-2.6625717
2018-12-09,-2.5523407
2018-12-10,-2.1751199
2018-12-11,-1.5173883
2018-12-12,2.528924
2018-12-13,4.333936
2018-12-14,6.1405644
2018-12-15,7.221451
2018-12-16,5.870519
2018-12-17,4.4267654
2018-12-18,2.0541735
2018-12-19,2.5099137
2018-12-20,5.4289527
2018-12-21,7.2516217
2018-12-22,3.269225
2018-12-23,2.2285905
2018-12-24,2.0231235
2018-12-25,1.8946342
2018-12-26,2.0039117
2018-12-27,4.9000564
2018-12-28,8.898543
2018-12-29,3.8135917
2018-12-30,1.7513257
2018-12-31,5.3241744
2019-01-01,7.8568044
2019-01-02,3.245414
2019-01-03,3.0807507
2019-01-04,3.1526258
2019-01-05,5.6440835
2019-01-06,5.913732
2019-01-07,5.7878227
2019-01-08,8.958211
2019-01-09,2.6212747
2019-01-10,-3.1551933
2019-01-11,-2.99255
2019-01-12,-1.4141312
2019-01-13,-0.63606113
2019-01-14,-2.543458
2019-01-15,-2.177069
2019-01-16,0.12674998
2019-01-17,0.47394887
2019-01-18,1.594602
2019-01-19,1.2226973
2019-01-20,-3.9902146
2019-01-21,-11.718707
2019-01-22,-6.426754
2019-01-23,3.4504607
2019-01-24,1.5653715
2019-01-25,-5.1931386
2019-01-26,-5.181984
2019-01-27,-2.4254992
2019-01-28,-1.6755848
2019-01-29,-4.2884917
2019-01-30,-12.066623
2019-01-31,-14.997045
2019-02-01,-7.52087
2019-02-02,-2.3583045
2019-02-03,5.761865
2019-02-04,8.64987
2019-02-05,7.2106075
2019-02-06,7.4214096
2019-02-07,8.908744
2019-02-08,1.3376294
2019-02-09,-4.8011107
2019-02-10,-2.8049421
2019-02-11,1.3847946
2019-02-12,3.6174467
2019-02-13,0.4193364
2019-02-14,3.815093
2019-02-15,4.922183
2019-02-16,-0.21870744
2019-02-17,-0.7283214
2019-02-18,0.3867837
2019-02-19,-2.2560894
2019-02-20,0.79071087
2019-02-21,4.0387645
2019-02-22,3.4309902
2019-02-23,4.294913
2019-02-24,6.418285
2019-02-25,0.20893274
2019-02-26,0.39414486
2019-02-27,1.7874641
2019-02-28,0.461071
2019-03-01,0.3003693
2019-03-02,1.8338295
2019-03-03,0.23822664
2019-03-04,-5.1767373
2019-03-05,-7.0713143
2019-03-06,-6.3334045
2019-03-07,-3.0856094
2019-03-08,-0.27575025
2019-03-09,2.7770207
2019-03-10,7.2781506
2019-03-11,5.9845924
2019-03-12,3.9987228
2019-03-13,7.2853713
2019-03-14,13.548528
2019-03-15,11.123127
2019-03-16,5.0735035
2019-03-17,3.1796849
2019-03-18,3.1262968
2019-03-19,3.527231
2019-03-20,5.784867
2019-03-21,6.977617
2019-03-22,6.0866866
2019-03-23,4.518452
2019-03-24,7.7316155
2019-03-25,8.588803
2019-03-26,4.1374764
2019-03-27,5.0404778
2019-03-28,10.213136
2019-03-29,12.557738
2019-03-30,12.460301
2019-03-31,5.815302
2019-04-01,1.9455379
2019-04-02,5.598046
2019-04-03,9.0255785
2019-04-04,10.691971
2019-04-05,9.8578825
2019-04-06,12.207089
2019-04-07,14.851192
2019-04-08,17.13738
2019-04-09,15.93459
2019-04-10,12.336537
2019-04-11,13.2059355
2019-04-12,14.975322
2019-04-13,13.661354
2019-04-14,12.323822
2019-04-15,8.863067
2019-04-16,11.811429
2019-04-17,16.226702
2019-04-18,17.193605
2019-04-19,13.99307
2019-04-20,12.049956
2019-04-21,11.880622
2019-04-22,15.319528
2019-04-23,17.13629
2019-04-24,15.221603
2019-04-25,15.270668
2019-04-26,14.562516
2019-04-27,11.322293
2019-04-28,10.727048
2019-04-29,11.312631
2019-04-30,15.106008
2019-05-01,17.624182
2019-05-02,17.821257
2019-05-03,16.55725
2019-05-04,15.672177
2019-05-05,15.017451
2019-05-06,16.270271
2019-05-07,16.804838
2019-05-08,17.313826
2019-05-09,18.867773
2019-05-10,16.193886
2019-05-11,13.553077
2019-05-12,12.004512
2019-05-13,10.976733
2019-05-14,11.786835
2019-05-15,14.409276
2019-05-16,17.705473
2019-05-17,20.079214
2019-05-18,20.70069
2019-05-19,21.837328
2019-05-20,19.32154
2019-05-21,15.227895
2019-05-22,18.071768
2019-05-23,21.717436
2019-05-24,22.227713
2019-05-25,22.787195
2019-05-26,22.86657
2019-05-27,21.783995
2019-05-28,22.882174
2019-05-29,22.536688
2019-05-30,21.094599
2019-05-31,20.777174
2019-06-01,20.970861
2019-06-02,20.48879
2019-06-03,17.698114
2019-06-04,18.298065
2019-06-05,22.087301
2019-06-06,22.495016
2019-06-07,21.78063
2019-06-08,21.461248
2019-06-09,21.800226
2019-06-10,20.875458
2019-06-11,19.226318
2019-06-12,18.790903
2019-06-13,17.305315
2019-06-14,17.17008
2019-06-15,19.749428
2019-06-16,22.042633
2019-06-17,21.827677
2019-06-18,22.012337
2019-06-19,22.573698
2019-06-20,21.666534
2019-06-21,20.831491
2019-06-22,20.742212
2019-06-23,21.544905
2019-06-24,22.74942
2019-06-25,23.3891
2019-06-26,24.523691
2019-06-27,25.005432
2019-06-28,25.340607
2019-06-29,25.893057
2019-06-30,26.008062
2019-07-01,24.270151
2019-07-02,25.983286
2019-07-03,25.31395
2019-07-04,25.321745
2019-07-05,25.907751
2019-07-06,25.982584
2019-07-07,25.10092
2019-07-08,24.091806
2019-07-09,24.43223
2019-07-10,26.402124
2019-07-11,25.622019
2019-07-12,24.267508
2019-07-13,25.037653
2019-07-14,26.183638
2019-07-15,25.253174
2019-07-16,25.435492
2019-07-17,26.249735
2019-07-18,26.200369
2019-07-19,27.916574
2019-07-20,28.85035
2019-07-21,27.898615
2019-07-22,24.088995
2019-07-23,21.349792
2019-07-24,21.225538
2019-07-25,21.975367
2019-07-26,23.241507
2019-07-27,24.33238
2019-07-28,25.480438
2019-07-29,25.665108
2019-07-30,24.73324
2019-07-31,23.430353
2019-08-01,23.202795
2019-08-02,23.579134
2019-08-03,23.984915
2019-08-04,24.522715
2019-08-05,24.540146
2019-08-06,24.65357
2019-08-07,23.92319
2019-08-08,24.178331
2019-08-09,24.033442
2019-08-10,22.878952
2019-08-11,22.843313
2019-08-12,24.205431
2019-08-13,25.03488
2019-08-14,24.617096
2019-08-15,23.502172
2019-08-16,23.431448
2019-08-17,24.651182
2019-08-18,25.82199
2019-08-19,25.764486
2019-08-20,26.024385
2019-08-21,24.668455
2019-08-22,24.343414
2019-08-23,21.468061
2019-08-24,19.550653
2019-08-25,19.746397
2019-08-26,20.441523
2019-08-27,21.524881
2019-08-28,21.863668
2019-08-29,20.810978
2019-08-30,22.208323
2019-08-31,21.747694
2019-09-01,21.693283
2019-09-02,22.676546
2019-09-03,22.853666
2019-09-04,23.681356
2019-09-05,20.56132
2019-09-06,20.272228
2019-09-07,20.187859
2019-09-08,19.903975
2019-09-09,21.362112
2019-09-10,23.720587
2019-09-11,25.64891
2019-09-12,25.43691
2019-09-13,23.541544
2019-09-14,21.743011
2019-09-15,21.984552
2019-09-16,23.586023
2019-09-17,22.514986
2019-09-18,21.048134
2019-09-19,20.251135
2019-09-20,20.920973
2019-09-21,22.753479
2019-09-22,23.779467
2019-09-23,22.895014
2019-09-24,19.880568
2019-09-25,19.49826
2019-09-26,20.489935
2019-09-27,19.610092
2019-09-28,22.912428
2019-09-29,22.610916
2019-09-30,22.786905
2019-10-01,24.559706
2019-10-02,25.127884
2019-10-03,22.107737
2019-10-04,17.457087
2019-10-05,14.248555
2019-10-06,17.360708
2019-10-07,16.956278
2019-10-08,14.598038
2019-10-09,14.86353
2019-10-10,16.56756
2019-10-11,16.71427
2019-10-12,11.20062
2019-10-13,11.264676
2019-10-14,12.421643
2019-10-15,12.810857
2019-10-16,12.467769
2019-10-17,9.589391
2019-10-18,9.698063
2019-10-19,10.648577
2019-10-20,13.798092
2019-10-21,14.993995
2019-10-22,14.287196
2019-10-23,11.822307
2019-10-24,11.646308
2019-10-25,10.853783
2019-10-26,11.593259
2019-10-27,14.6069975
2019-10-28,12.511562
2019-10-29,12.129525
2019-10-30,11.249078
2019-10-31,11.923785
2019-11-01,4.813099
2019-11-02,4.7266045
2019-11-03,5.6127553
2019-11-04,7.721138
2019-11-05,8.796564
2019-11-06,6.7709975
2019-11-07,6.4723816
2019-11-08,0.45666054
2019-11-09,0.91709524
2019-11-10,7.0350633
2019-11-11,7.1489825
2019-11-12,-1.0073167
2019-11-13,-5.444443
2019-11-14,-0.009582122
2019-11-15,1.8654093
2019-11-16,2.4826548
2019-11-17,2.500809
2019-11-18,4.8652024
2019-11-19,5.64442
2019-11-20,6.105105
2019-11-21,7.444614
2019-11-22,7.7040963
2019-11-23,2.6325269
2019-11-24,4.4974256
2019-11-25,6.671622
2019-11-26,8.177056
2019-11-27,10.063425
2019-11-28,4.856297
2019-11-29,3.3800256
2019-11-30,4.4997125
2019-12-01,5.8950944
2019-12-02,2.6228683
2019-12-03,1.5674419
2019-12-04,3.5125854
2019-12-05,4.118816
2019-12-06,5.283914
2019-12-07,2.0455158
2019-12-08,2.974355
2019-12-09,8.971471
2019-12-10,5.193416
2019-12-11,-1.4852505
2019-12-12,-0.660862
2019-12-13,3.0816002
2019-12-14,4.604531
2019-12-15,2.0042503
2019-12-16,1.1787609
2019-12-17,1.4997965
2019-12-18,-2.3211594
2019-12-19,-4.5451245
2019-12-20,-1.1365083
2019-12-21,1.3407296
2019-12-22,2.683059
2019-12-23,5.1360316
2019-12-24,5.243715
2019-12-25,5.84136
2019-12-26,9.077895
2019-12-27,9.097707
2019-12-28,7.7727675
2019-12-29,10.547036
2019-12-30,8.745989
2019-12-31,3.43872
2020-01-01,2.8338015
2020-01-02,5.167909
2020-01-03,8.067837
2020-01-04,6.1667047
2020-01-05,2.3398173
2020-01-06,3.4358795
2020-01-07,2.2175057
2020-01-08,1.3045346
2020-01-09,1.3557111
2020-01-10,8.754407
2020-01-11,12.129354
2020-01-12,7.566159
2020-01-13,4.770865
2020-01-14,5.7800217
2020-01-15,6.428318
2020-01-16,4.414207
2020-01-17,-2.087785
2020-01-18,0.9332096
2020-01-19,-2.3627944
2020-01-20,-6.16445
2020-01-21,-4.7331243
2020-01-22,-3.1079552
2020-01-23,0.8715237
2020-01-24,4.355421
2020-01-25,4.2530246
2020-01-26,2.2089138
2020-01-27,2.2379608
2020-01-28,1.6098477
2020-01-29,0.9691027
2020-01-30,0.33415827
2020-01-31,2.0596454
2020-02-01,3.0008228
2020-02-02,5.595405
2020-02-03,9.49528
2020-02-04,10.309707
2020-02-05,3.7830784
2020-02-06,2.4797614
2020-02-07,1.5390984
2020-02-08,-0.214305
2020-02-09,1.0029755
2020-02-10,5.035851
2020-02-11,4.7558193
2020-02-12,2.5716374
2020-02-13,2.3683047
2020-02-14,-5.197297
2020-02-15,-4.709313
2020-02-16,2.884162
2020-02-17,3.9039142
2020-02-18,6.664873
2020-02-19,2.5572536
2020-02-20,-1.0277269
2020-02-21,-3.6054792
2020-02-22,0.8023074
2020-02-23,4.6951566
2020-02-24,6.3370633
2020-02-25,6.722939
2020-02-26,4.876474
2020-02-27,0.54559666
2020-02-28,-0.48289135
2020-02-29,-1.5344332
2020-03-01,2.48018
2020-03-02,8.834329
2020-03-03,9.596985
2020-03-04,8.193067
2020-03-05,6.6219563
2020-03-06,4.903247
2020-03-07,2.8244355
2020-03-08,6.891661
2020-03-09,12.142016
2020-03-10,11.75298
2020-03-11,7.9903297
2020-03-12,9.657085
2020-03-13,11.263382
2020-03-14,6.235647
2020-03-15,4.075404
2020-03-16,4.5046506
2020-03-17,7.214211
2020-03-18,7.7706
2020-03-19,12.020452
2020-03-20,15.456073
2020-03-21,5.490846
2020-03-22,2.9343293
2020-03-23,5.6009007
2020-03-24,6.50308
2020-03-25,7.533546
2020-03-26,10.575682
2020-03-27,13.456596
2020-03-28,15.297836
2020-03-29,15.317455
2020-03-30,11.979023
2020-03-31,7.8177896
2020-04-01,6.945047
2020-04-02,8.80178
2020-04-03,11.30357
2020-04-04,10.405753
2020-04-05,10.783452
2020-04-06,11.957028
2020-04-07,16.009615
2020-04-08,17.887445
2020-04-09,11.920032
2020-04-10,5.747532
2020-04-11,7.900064
2020-04-12,11.92247
2020-04-13,12.06371
2020-04-14,6.4843516
2020-04-15,4.3750596
2020-04-16,4.596888
2020-04-17,6.20122
2020-04-18,7.0406003
2020-04-19,9.253972
2020-04-20,10.686469
2020-04-21,11.00769
2020-04-22,8.399047
2020-04-23,10.855179
2020-04-24,11.932216
2020-04-25,11.744331
2020-04-26,10.742497
2020-04-27,10.1017885
2020-04-28,13.48944
2020-04-29,14.934345
2020-04-30,12.341942
2020-05-01,11.982315
2020-05-02,16.286219
2020-05-03,18.955526
2020-05-04,15.047677
2020-05-05,10.778488
2020-05-06,9.407914
2020-05-07,11.032077
2020-05-08,10.4842825
2020-05-09,5.64747
2020-05-10,9.508233
2020-05-11,8.642543
2020-05-12,8.951394
2020-05-13,10.591317
2020-05-14,15.379234
2020-05-15,19.861105
2020-05-16,19.449331
2020-05-17,18.723219
2020-05-18,17.457838
2020-05-19,15.539355
2020-05-20,13.646309
2020-05-21,14.370751
2020-05-22,17.348534
2020-05-23,19.840464
2020-05-24,20.956123
2020-05-25,21.593988
2020-05-26,22.452963
2020-05-27,22.100317
2020-05-28,21.907135
2020-05-29,21.410212
2020-05-30,19.140833
2020-05-31,17.083818
2020-06-01,16.557056
2020-06-02,20.78679
2020-06-03,24.311747
2020-06-04,23.526922
2020-06-05,23.172058
2020-06-06,24.437155
2020-06-07,22.482033
2020-06-08,22.008005
2020-06-09,24.228302
2020-06-10,25.606329
2020-06-11,22.203001
2020-06-12,21.870844
2020-06-13,19.771677
2020-06-14,17.96564
2020-06-15,18.392282
2020-06-16,19.63597
2020-06-17,20.734076
2020-06-18,21.845375
2020-06-19,22.835043
2020-06-20,23.770111
2020-06-21,23.663122
2020-06-22,23.779495
2020-06-23,22.84466
2020-06-24,22.036291
2020-06-25,22.194021
2020-06-26,23.41789
2020-06-27,24.172358
2020-06-28,24.301346
2020-06-29,25.24591
2020-06-30,24.370413
2020-07-01,24.043203
2020-07-02,25.062445
2020-07-03,26.367834
2020-07-04,26.508095
2020-07-05,26.4475
2020-07-06,26.812723
2020-07-07,26.482641
2020-07-08,26.359732
2020-07-09,26.83252
2020-07-10,26.19819
2020-07-11,25.163992
2020-07-12,24.097506
2020-07-13,23.476257
2020-07-14,24.009445
2020-07-15,25.10909
2020-07-16,25.113617
2020-07-17,25.490698
2020-07-18,26.712034
2020-07-19,27.919973
2020-07-20,26.672934
2020-07-21,26.057274
2020-07-22,25.277054
2020-07-23,24.973257
2020-07-24,24.837143
2020-07-25,25.646292
2020-07-26,26.917486
2020-07-27,27.062347
2020-07-28,25.788614
2020-07-29,25.66839
2020-07-30,25.152243
2020-07-31,23.797647
2020-08-01,23.498064
2020-08-02,23.690031
2020-08-03,22.92909
2020-08-04,21.60813
2020-08-05,21.182074
2020-08-06,21.51831
2020-08-07,22.342237
2020-08-08,23.313492
2020-08-09,24.621214
2020-08-10,25.776505
2020-08-11,24.747217
2020-08-12,24.948997
2020-08-13,24.596437
2020-08-14,24.715721
2020-08-15,23.823267
2020-08-16,22.61879
2020-08-17,22.804184
2020-08-18,22.330149
2020-08-19,21.144735
2020-08-20,21.100573
2020-08-21,22.515778
2020-08-22,23.649008
2020-08-23,24.348192
2020-08-24,25.50521
2020-08-25,26.201508
2020-08-26,24.908514
2020-08-27,26.056534
2020-08-28,25.518745
2020-08-29,24.394663
2020-08-30,21.646048
2020-08-31,21.175714
2020-09-01,22.526705
2020-09-02,23.927963
2020-09-03,23.878126
2020-09-04,22.653921
2020-09-05,20.334448
2020-09-06,20.614561
2020-09-07,22.61851
2020-09-08,22.565943
2020-09-09,22.512186
2020-09-10,22.70415
2020-09-11,21.587402
2020-09-12,20.896063
2020-09-13,21.47403
2020-09-14,20.259975
2020-09-15,17.013594
2020-09-16,17.36189
2020-09-17,18.85674
2020-09-18,16.966284
2020-09-19,13.101635
2020-09-20,13.3424225
2020-09-21,14.164588
2020-09-22,14.76369
2020-09-23,16.98142
2020-09-24,18.025295
2020-09-25,18.341707
2020-09-26,19.56706
2020-09-27,20.27114
2020-09-28,18.835999
2020-09-29,15.526295
2020-09-30,14.900764
2020-10-01,14.6110735
2020-10-02,11.647588
2020-10-03,10.986342
2020-10-04,12.001504
2020-10-05,11.296634
2020-10-06,13.423892
2020-10-07,18.010439
2020-10-08,16.632097
2020-10-09,16.134176
2020-10-10,18.93693
2020-10-11,18.571856
2020-10-12,17.725374
2020-10-13,14.487689
2020-10-14,14.457271
2020-10-15,15.920425
2020-10-16,10.751304
2020-10-17,9.162702
2020-10-18,11.511846
2020-10-19,11.8746
2020-10-20,13.345875
2020-10-21,16.231928
2020-10-22,18.094267
2020-10-23,18.449411
2020-10-24,12.042832
2020-10-25,8.959294
2020-10-26,9.621329
2020-10-27,9.628713
2020-10-28,10.850693
2020-10-29,11.608579
2020-10-30,7.682234
2020-10-31,6.1088924
2020-11-01,8.916236
2020-11-02,3.897031
2020-11-03,8.297198
2020-11-04,11.963374
2020-11-05,13.934937
2020-11-06,13.824158
2020-11-07,13.927453
2020-11-08,15.533921
2020-11-09,16.912312
2020-11-10,18.43852
2020-11-11,14.783736
2020-11-12,9.567814
2020-11-13,7.639271
2020-11-14,5.774389
2020-11-15,10.76901
2020-11-16,7.9833984
2020-11-17,5.818722
2020-11-18,2.9873984
2020-11-19,7.6674476
2020-11-20,12.7246065
2020-11-21,10.624885
2020-11-22,8.211633
2020-11-23,6.5947356
2020-11-24,5.0791955
2020-11-25,8.659084
2020-11-26,11.036487
2020-11-27,8.953655
2020-11-28,6.6090064
2020-11-29,5.2646885
2020-11-30,6.0300965
2020-12-01,1.7865334
2020-12-02,0.9528207
2020-12-03,2.1055813
2020-12-04,5.5572076
2020-12-05,4.529344
2020-12-06,1.8671411
2020-12-07,1.0828279
2020-12-08,1.0308785
2020-12-09,3.227831
2020-12-10,5.551468
2020-12-11,7.8143916
2020-12-12,9.483584
2020-12-13,6.8556237
2020-12-14,2.780199
2020-12-15,-0.7248535
2020-12-16,-0.3321264
2020-12-17,-0.4970812
2020-12-18,-0.6974128
2020-12-19,0.5085425
2020-12-20,2.5545812
2020-12-21,4.193594
2020-12-22,4.7476907
2020-12-23,5.1979833
2020-12-24,4.065109
2020-12-25,-3.3893585
2020-12-26,-4.861069
2020-12-27,0.2074544
2020-12-28,3.983062
2020-12-29,0.059462678
2020-12-30,2.8184662
2020-12-31,2.6724386
2021-01-01,1.6058935
2021-01-02,4.341232
2021-01-03,2.8735616
2021-01-04,1.717987
2021-01-05,2.0270624
2021-01-06,1.727345
2021-01-07,1.4478236
2021-01-08,0.30507436
2021-01-09,-0.53075105
2021-01-10,-0.6869033
2021-01-11,-0.9610632
2021-01-12,-0.2041481
2021-01-13,1.7314583
2021-01-14,3.8337307
2021-01-15,3.5350058
2021-01-16,1.4901673
2021-01-17,1.5014758
2021-01-18,1.1392832
2021-01-19,1.36691
2021-01-20,0.4992293
2021-01-21,2.0113895
2021-01-22,1.6492726
2021-01-23,-3.1034133
2021-01-24,-1.7350807
2021-01-25,0.5327199
2021-01-26,2.6518414
2021-01-27,0.48744956
2021-01-28,-3.4868975
2021-01-29,-4.3577194
2021-01-30,-2.280908
2021-01-31,0.35370174
2021-02-01,-0.5307571
2021-02-02,-1.6854717
2021-02-03,-1.8379911
2021-02-04,-0.5622278
2021-02-05,0.60164183
2021-02-06,-1.8664432
2021-02-07,-5.2688904
2021-02-08,-6.7856097
2021-02-09,-3.1397526
2021-02-10,-3.9388726
2021-02-11,-4.033631
2021-02-12,-4.9023457
2021-02-13,-5.151188
2021-02-14,-6.0210495
2021-02-15,-5.845684
2021-02-16,-4.879172
2021-02-17,-8.305317
2021-02-18,-4.3172116
2021-02-19,-4.4834023
2021-02-20,-5.059196
2021-02-21,-3.4641
2021-02-22,2.3778846
2021-02-23,5.0657535
2021-02-24,7.434107
2021-02-25,4.8915534
2021-02-26,2.67577
2021-02-27,6.1680017
2021-02-28,9.035122
2021-03-01,6.376408
2021-03-02,0.4866077
2021-03-03,4.8022523
2021-03-04,5.6353183
2021-03-05,0.9009884
2021-03-06,2.1671526
2021-03-07,2.115249
2021-03-08,5.3114567
2021-03-09,10.279878
2021-03-10,12.61971
2021-03-11,15.025968
2021-03-12,11.614476
2021-03-13,7.8880486
2021-03-14,7.299359
2021-03-15,3.7534215
2021-03-16,5.5943646
2021-03-17,8.010325
2021-03-18,9.190316
2021-03-19,5.05979
2021-03-20,5.1665797
2021-03-21,8.732722
2021-03-22,11.298108
2021-03-23,12.669502
2021-03-24,14.609712
2021-03-25,13.185867
2021-03-26,13.845559
2021-03-27,12.446712
2021-03-28,12.047051
2021-03-29,7.3551865
2021-03-30,12.021615
2021-03-31,11.5052595
2021-04-01,3.944973
2021-04-02,1.4907373
2021-04-03,6.0737605
2021-04-04,12.4016905
2021-04-05,14.748279
2021-04-06,16.823124
2021-04-07,18.114977
2021-04-08,16.703407
2021-04-09,15.615689
2021-04-10,15.79232
2021-04-11,14.045769
2021-04-12,12.489525
2021-04-13,12.362294
2021-04-14,11.782089
2021-04-15,9.675026
2021-04-16,8.592811
2021-04-17,9.572594
2021-04-18,10.528321
2021-04-19,11.556558
2021-04-20,9.86675
2021-04-21,6.398188
2021-04-22,4.8734956
2021-04-23,8.425328
2021-04-24,10.823558
2021-04-25,11.046731
2021-04-26,12.063588
2021-04-27,18.280273
2021-04-28,20.76097
2021-04-29,18.265266
2021-04-30,15.073003
2021-05-01,12.565829
2021-05-02,18.603476
2021-05-03,18.117348
2021-05-04,17.969818
2021-05-05,14.46037
2021-05-06,11.628322
2021-05-07,11.0025
2021-05-08,9.895642
2021-05-09,10.364438
2021-05-10,10.788727
2021-05-11,11.299268
2021-05-12,11.18476
2021-05-13,12.419574
2021-05-14,13.787257
2021-05-15,14.841741
2021-05-16,15.893949
2021-05-17,16.459848
2021-05-18,18.079613
2021-05-19,20.47904
2021-05-20,22.155031
2021-05-21,22.134865
2021-05-22,22.47021
2021-05-23,23.73646
2021-05-24,22.192337
2021-05-25,22.35848
2021-05-26,23.070053
2021-05-27,20.781485
2021-05-28,17.012941
2021-05-29,11.906514
2021-05-30,12.147171
2021-05-31,15.221423
2021-06-01,17.775442
2021-06-02,18.683588
2021-06-03,19.757051
2021-06-04,21.70912
2021-06-05,23.706335
2021-06-06,24.39161
2021-06-07,24.379196
2021-06-08,24.242315
2021-06-09,23.818888
2021-06-10,24.084028
2021-06-11,23.390778
2021-06-12,23.64654
2021-06-13,23.987844
2021-06-14,23.388617
2021-06-15,21.823044
2021-06-16,20.586088
2021-06-17,20.880507
2021-06-18,23.640379
2021-06-19,24.540482
2021-06-20,24.784384
2021-06-21,24.37786
2021-06-22,18.992167
2021-06-23,18.355993
2021-06-24,20.997923
2021-06-25,22.712702
2021-06-26,24.660055
2021-06-27,25.726112
2021-06-28,26.463081
2021-06-29,26.973503
2021-06-30,25.672781
2021-07-01,23.507477
2021-07-02,21.000032
2021-07-03,20.0634
2021-07-04,22.572357
2021-07-05,24.8814
2021-07-06,26.523954
2021-07-07,26.224455
2021-07-08,23.951319
2021-07-09,22.710836
2021-07-10,22.01325
2021-07-11,22.595253
2021-07-12,23.83435
2021-07-13,24.29215
2021-07-14,24.597738
2021-07-15,25.402243
2021-07-16,24.81511
2021-07-17,24.015274
2021-07-18,23.026474
2021-07-19,23.497843
2021-07-20,23.967512
2021-07-21,23.683481
2021-07-22,22.490585
2021-07-23,23.245056
2021-07-24,24.451654
2021-07-25,25.896982
2021-07-26,25.951607
2021-07-27,25.350317
2021-07-28,25.382883
2021-07-29,25.237343
2021-07-30,24.686579
2021-07-31,21.382776
2021-08-01,21.435358
2021-08-02,20.696062
2021-08-03,20.913687
2021-08-04,21.454165
2021-08-05,22.262537
2021-08-06,23.61582
2021-08-07,24.195036
2021-08-08,24.415033
2021-08-09,24.881216
2021-08-10,26.195414
2021-08-11,26.42418
2021-08-12,26.932291
2021-08-13,25.98696
2021-08-14,24.199455
2021-08-15,22.021345
2021-08-16,22.292479
2021-08-17,23.61146
2021-08-18,24.520346
2021-08-19,24.858744
2021-08-20,24.527458
2021-08-21,24.564505
2021-08-22,24.735823
2021-08-23,25.433762
2021-08-24,26.656235
2021-08-25,26.481049
2021-08-26,25.97912
2021-08-27,25.981253
2021-08-28,26.143927
2021-08-29,25.761642
2021-08-30,24.769506
2021-08-31,23.230112
2021-09-01,22.26123
2021-09-02,19.874811
2021-09-03,19.099043
2021-09-04,20.35261
2021-09-05,21.32916
2021-09-06,21.517847
2021-09-07,21.79458
2021-09-08,22.175001
2021-09-09,19.910748
2021-09-10,18.676226
2021-09-11,20.027786
2021-09-12,23.071142
2021-09-13,24.053194
2021-09-14,24.372316
2021-09-15,22.847559
2021-09-16,21.246897
2021-09-17,22.74379
2021-09-18,23.540207
2021-09-19,22.695383
2021-09-20,22.110382
2021-09-21,20.86767
2021-09-22,18.94159
2021-09-23,16.1539
2021-09-24,15.614482
2021-09-25,16.373571
2021-09-26,16.698923
2021-09-27,19.971632
2021-09-28,20.939894
2021-09-29,19.176981
2021-09-30,18.412521
2021-10-01,17.62284
2021-10-02,18.312727
2021-10-03,20.117102
2021-10-04,20.28637
2021-10-05,19.671488
2021-10-06,20.109636
2021-10-07,20.121662
2021-10-08,19.751467
2021-10-09,20.050358
2021-10-10,20.832056
2021-10-11,20.51532
2021-10-12,19.195986
2021-10-13,18.408741
2021-10-14,20.217878
2021-10-15,19.799911
2021-10-16,15.977478
2021-10-17,12.130337
2021-10-18,12.392676
2021-10-19,13.305179
2021-10-20,15.508527
2021-10-21,15.929025
2021-10-22,12.952807
2021-10-23,11.216519
2021-10-24,12.771057
2021-10-25,15.238342
2021-10-26,11.488688
2021-10-27,10.230792
2021-10-28,11.733661
2021-10-29,13.134717
2021-10-30,12.328919
2021-10-31,11.8485155
2021-11-01,9.416167
2021-11-02,6.806757
2021-11-03,4.521635
2021-11-04,4.3367634
2021-11-05,4.4830823
2021-11-06,5.541982
2021-11-07,7.6557465
2021-11-08,10.603686
2021-11-09,12.010304
2021-11-10,12.683224
2021-11-11,12.457516
2021-11-12,10.499485
2021-11-13,5.343144
2021-11-14,3.7806826
2021-11-15,3.8670819
2021-11-16,5.6660867
2021-11-17,11.9518175
2021-11-18,9.980846
2021-11-19,3.1827564
2021-11-20,3.518193
2021-11-21,6.719208
2021-11-22,4.729963
2021-11-23,0.51053494
2021-11-24,3.5880058
2021-11-25,6.891188
2021-11-26,2.1370082
2021-11-27,1.5336461
2021-11-28,4.1373916
2021-11-29,2.2103417
2021-11-30,4.7437015
2021-12-01,5.7289696
2021-12-02,10.828174
2021-12-03,8.9195595
2021-12-04,6.742865
2021-12-05,5.8206577
2021-12-06,8.735236
2021-12-07,-0.6391255
2021-12-08,0.2637662
2021-12-09,1.9032326
2021-12-10,8.119297
2021-12-11,11.508775
2021-12-12,4.4198117
2021-12-13,4.4629507
2021-12-14,5.87286
2021-12-15,10.260261
2021-12-16,12.710847
2021-12-17,7.529737
2021-12-18,6.9253154
2021-12-19,3.1201193
2021-12-20,0.31039548
2021-12-21,1.0659724
2021-12-22,1.5971292
2021-12-23,0.8874003
2021-12-24,8.170017
2021-12-25,12.593862
2021-12-26,8.52386
2021-12-27,8.300132
2021-12-28,7.079328
2021-12-29,7.7475133
2021-12-30,6.966652
2021-12-31,8.943992
2022-01-01,10.679496
2022-01-02,4.923643
2022-01-03,-2.3419435
2022-01-04,-2.3100893
2022-01-05,1.9609675
2022-01-06,-3.0592277
2022-01-07,-7.147619
2022-01-08,-5.714256
2022-01-09,2.2330687
2022-01-10,-2.9197989
2022-01-11,-5.4135623
2022-01-12,1.1025761
2022-01-13,3.3994217
2022-01-14,2.0231657
2022-01-15,-2.8768027
2022-01-16,-5.2456226
2022-01-17,-1.0621344
2022-01-18,-0.68716437
2022-01-19,2.051346
2022-01-20,-3.1008766
2022-01-21,-7.8022575
2022-01-22,-7.247846
2022-01-23,-2.6601274
2022-01-24,-2.423084
2022-01-25,-2.1731806
2022-01-26,-8.160641
2022-01-27,-6.2326026
2022-01-28,-1.8647391
2022-01-29,-7.5557017
2022-01-30,-5.5366707
2022-01-31,-3.0267744
2022-02-01,1.6256567
2022-02-02,2.8515358
2022-02-03,0.6855426
2022-02-04,-1.7278485
2022-02-05,-6.3469157
2022-02-06,-4.569183
2022-02-07,-1.254665
2022-02-08,-0.84734374
2022-02-09,3.5770032
2022-02-10,4.2473025
2022-02-11,5.063762
2022-02-12,3.2805893
2022-02-13,-3.0631711
2022-02-14,-5.654816
2022-02-15,-2.6618044
2022-02-16,6.4546547
2022-02-17,9.95836
2022-02-18,1.2070477
2022-02-19,-1.9122721
2022-02-20,-0.4956665
2022-02-21,7.599491
2022-02-22,11.047572
2022-02-23,5.2921195
2022-02-24,-0.31823727
2022-02-25,0.34184396
2022-02-26,-1.6701802
2022-02-27,1.3728513
2022-02-28,2.7469187
2022-03-01,6.530644
2022-03-02,8.7118845
2022-03-03,7.126229
2022-03-04,2.3325298
2022-03-05,9.402125
2022-03-06,14.743736
2022-03-07,10.89344
2022-03-08,3.8426602
2022-03-09,3.6496315
2022-03-10,3.1106546
2022-03-11,3.4502513
2022-03-12,-1.9834803
2022-03-13,-1.8085332
2022-03-14,7.0422053
2022-03-15,10.619318
2022-03-16,11.636426
2022-03-17,13.460915
2022-03-18,13.2798605
2022-03-19,11.961253
2022-03-20,9.351134
2022-03-21,11.521176
2022-03-22,11.843689
2022-03-23,11.626816
2022-03-24,9.518577
2022-03-25,7.729201
2022-03-26,5.3061433
2022-03-27,1.5309391
2022-03-28,-0.31030235
2022-03-29,1.3882879
2022-03-30,9.730098
2022-03-31,12.163926
2022-04-01,6.383621
2022-04-02,5.326774
2022-04-03,7.5625176
2022-04-04,7.9166393
2022-04-05,9.743907
2022-04-06,11.8718
2022-04-07,9.770989
2022-04-08,6.757502
2022-04-09,5.64543
2022-04-10,7.4740396
2022-04-11,12.2053995
2022-04-12,14.417684
2022-04-13,18.14551
2022-04-14,13.991086
2022-04-15,12.248811
2022-04-16,12.374016
2022-04-17,7.571766
2022-04-18,5.410698
2022-04-19,5.006401
2022-04-20,8.137802
2022-04-21,13.259406
2022-04-22,15.51004
2022-04-23,18.531158
2022-04-24,20.558472
2022-04-25,17.219027
2022-04-26,11.742772
2022-04-27,9.1348505
2022-04-28,9.261128
2022-04-29,12.16848
2022-04-30,14.546951
2022-05-01,15.312245
2022-05-02,14.9969015
2022-05-03,16.059443
2022-05-04,14.311534
2022-05-05,14.260852
2022-05-06,14.308705
2022-05-07,12.916405
2022-05-08,12.366712
2022-05-09,15.860675
2022-05-10,19.251677
2022-05-11,21.069315
2022-05-12,21.336052
2022-05-13,21.540594
2022-05-14,21.132158
2022-05-15,20.409037
2022-05-16,18.959549
2022-05-17,18.293331
2022-05-18,17.452383
2022-05-19,19.6204
2022-05-20,22.576452
2022-05-21,23.263845
2022-05-22,19.542692
2022-05-23,15.718887
2022-05-24,15.68073
2022-05-25,18.661055
2022-05-26,19.52926
2022-05-27,18.225565
2022-05-28,17.895998
2022-05-29,20.35662
2022-05-30,23.65773
2022-05-31,25.550241
2022-06-01,24.548431
2022-06-02,21.652649
2022-06-03,20.300491
2022-06-04,19.868614
2022-06-05,20.395514
2022-06-06,21.171133
2022-06-07,20.880491
2022-06-08,21.1214
2022-06-09,20.328798
2022-06-10,19.440458
2022-06-11,19.85996
2022-06-12,22.242477
2022-06-13,25.36381
2022-06-14,26.162766
2022-06-15,27.136168
2022-06-16,27.273315
2022-06-17,26.431753
2022-06-18,21.774017
2022-06-19,19.020155
2022-06-20,20.932732
2022-06-21,24.048256
2022-06-22,26.095179
2022-06-23,23.499933
2022-06-24,23.23913
2022-06-25,24.490564
2022-06-26,24.862534
2022-06-27,22.531387
2022-06-28,20.675215
2022-06-29,22.249405
2022-06-30,24.679926
2022-07-01,26.311935
2022-07-02,25.04145
2022-07-03,24.53637
2022-07-04,24.980814
2022-07-05,26.545328
2022-07-06,26.267578
2022-07-07,24.765915
2022-07-08,24.506462
2022-07-09,23.202662
2022-07-10,22.38267
2022-07-11,23.719816
2022-07-12,25.526834
2022-07-13,24.392439
2022-07-14,23.904394
2022-07-15,23.787605
2022-07-16,24.262497
2022-07-17,24.290823
2022-07-18,24.175667
2022-07-19,25.463747
2022-07-20,27.220129
2022-07-21,27.015707
2022-07-22,26.58174
2022-07-23,27.101374
2022-07-24,27.063929
2022-07-25,25.488945
2022-07-26,22.825546
2022-07-27,24.004858
2022-07-28,25.18454
2022-07-29,23.832321
2022-07-30,22.940445
2022-07-31,22.72931
2022-08-01,24.15034
2022-08-02,25.35081
2022-08-03,25.968643
2022-08-04,25.79898
2022-08-05,25.073622
2022-08-06,25.634745
2022-08-07,26.44496
2022-08-08,26.630152
2022-08-09,25.313217
2022-08-10,23.811882
2022-08-11,23.315119
2022-08-12,21.895668
2022-08-13,20.727705
2022-08-14,21.728876
2022-08-15,21.610924
2022-08-16,21.299597
2022-08-17,21.2553
2022-08-18,21.449461
2022-08-19,22.776026
2022-08-20,23.647348
2022-08-21,22.765863
2022-08-22,22.517227
2022-08-23,22.581919
2022-08-24,22.8314
2022-08-25,23.519342
2022-08-26,24.091288
2022-08-27,23.47918
2022-08-28,24.666735
2022-08-29,25.985952
2022-08-30,24.005762
2022-08-31,22.08158
2022-09-01,22.297853
2022-09-02,22.701036
2022-09-03,23.318266
2022-09-04,22.894865
2022-09-05,22.524908
2022-09-06,22.334402
2022-09-07,21.515345
2022-09-08,20.776281
2022-09-09,21.105476
2022-09-10,21.568497
2022-09-11,21.230135
2022-09-12,19.856153
2022-09-13,19.047066
2022-09-14,19.117712
2022-09-15,19.846786
2022-09-16,19.939642
2022-09-17,21.327501
2022-09-18,22.261917
2022-09-19,22.876556
2022-09-20,23.03003
2022-09-21,23.569084
2022-09-22,20.26831
2022-09-23,13.523816
2022-09-24,15.474464
2022-09-25,18.130255
2022-09-26,16.481485
2022-09-27,14.028295
2022-09-28,12.357513
2022-09-29,12.934558
2022-09-30,12.743686
2022-10-01,14.038705
2022-10-02,14.812931
2022-10-03,12.92332
2022-10-04,11.905106
2022-10-05,13.960683
2022-10-06,15.699741
2022-10-07,14.417343
2022-10-08,10.033927
2022-10-09,9.700942
2022-10-10,12.701684
2022-10-11,14.575722
2022-10-12,16.139795
2022-10-13,14.707988
2022-10-14,11.502696
2022-10-15,12.598797
2022-10-16,12.517448
2022-10-17,10.467038
2022-10-18,5.9253135
2022-10-19,5.703096
2022-10-20,6.951977
2022-10-21,11.041902
2022-10-22,14.739243
2022-10-23,16.203733
2022-10-24,16.779272
2022-10-25,16.301767
2022-10-26,13.351132
2022-10-27,10.1602
2022-10-28,9.635196
2022-10-29,10.554372
2022-10-30,11.46085
2022-10-31,13.889107
2022-11-01,14.867101
2022-11-02,13.754161
2022-11-03,14.090652
2022-11-04,16.469324
2022-11-05,18.477312
2022-11-06,16.961817
2022-11-07,15.529485
2022-11-08,11.139422
2022-11-09,11.623433
2022-11-10,14.519351
2022-11-11,13.932246
2022-11-12,8.642977
2022-11-13,3.5770776
2022-11-14,2.0739927
2022-11-15,2.6691272
2022-11-16,3.3740418
2022-11-17,1.156866
2022-11-18,0.031023284
2022-11-19,-1.2868217
2022-11-20,-1.7824079
2022-11-21,0.39226785
2022-11-22,4.004012
2022-11-23,5.8561034
2022-11-24,7.0134697
2022-11-25,8.870732
2022-11-26,5.782272
2022-11-27,8.91188
2022-11-28,7.7494087
2022-11-29,7.541185
2022-11-30,6.6272073
2022-12-01,0.38673577
2022-12-02,3.6769543
2022-12-03,8.325007
2022-12-04,1.2202986
2022-12-05,1.885449
2022-12-06,7.006857
2022-12-07,10.274215
2022-12-08,8.211622
2022-12-09,6.1118646
2022-12-10,4.6288805
2022-12-11,5.1646066
2022-12-12,3.7171938
2022-12-13,2.3224847
2022-12-14,3.9300785
2022-12-15,4.4976277
2022-12-16,3.2619221
2022-12-17,0.9099234
2022-12-18,-1.4032122
2022-12-19,-2.5807374
2022-12-20,-0.37807068
2022-12-21,-0.9091843
2022-12-22,1.9377056
2022-12-23,-8.692627
2022-12-24,-14.038876
2022-12-25,-9.349474
2022-12-26,-6.5649014
2022-12-27,-3.5013266
2022-12-28,1.2389487
2022-12-29,7.547361
2022-12-30,10.660718
2022-12-31,8.540027
2023-01-01,8.534358
2023-01-02,9.542222
2023-01-03,12.581525
2023-01-04,11.580592
2023-01-05,7.0031753
2023-01-06,3.8098335
2023-01-07,2.3417206
2023-01-08,1.644638
2023-01-09,1.9180743
2023-01-10,3.097227
2023-01-11,4.8414636
2023-01-12,7.4372487
2023-01-13,3.6682427
2023-01-14,-0.80533886
2023-01-15,-0.74770856
2023-01-16,3.0207455
2023-01-17,7.2418733
2023-01-18,6.145411
2023-01-19,7.4327674
2023-01-20,4.2879376
2023-01-21,1.4481004
2023-01-22,1.3003623
2023-01-23,1.7495953
2023-01-24,1.5920702
2023-01-25,2.555958
2023-01-26,1.9958376
2023-01-27,-0.1880184
2023-01-28,3.7859662
2023-01-29,4.074179
2023-01-30,1.8850476
2023-01-31,-2.3535352
2023-02-01,-3.8635414
2023-02-02,-1.4076666
2023-02-03,-4.0734735
2023-02-04,-5.288061
2023-02-05,4.6343913
2023-02-06,4.601505
2023-02-07,6.1954875
2023-02-08,6.688025
2023-02-09,9.562098
2023-02-10,7.3534527
2023-02-11,2.5063188
2023-02-12,3.4227297
2023-02-13,5.9097514
2023-02-14,7.099674
2023-02-15,12.622993
2023-02-16,9.965902
2023-02-17,4.6777635
2023-02-18,0.2253694
2023-02-19,6.3597684
2023-02-20,8.847066
2023-02-21,7.555037
2023-02-22,7.8925614
2023-02-23,11.661464
2023-02-24,4.919826
2023-02-25,1.9530201
2023-02-26,4.453678
2023-02-27,8.278676
2023-02-28,8.471492
2023-03-01,9.037457
2023-03-02,9.630429
2023-03-03,6.206285
2023-03-04,6.4288216
2023-03-05,6.9474487
2023-03-06,9.501636
2023-03-07,7.729691
2023-03-08,4.178055
2023-03-09,4.8160024
2023-03-10,4.549529
2023-03-11,2.9515617
2023-03-12,2.2552094
2023-03-13,2.1822443
2023-03-14,0.37645093
2023-03-15,1.5712608
2023-03-16,6.7707176
2023-03-17,7.775154
2023-03-18,1.5266725
2023-03-19,-1.680056
2023-03-20,1.7279787
2023-03-21,6.157818
2023-03-22,9.032468
2023-03-23,13.1061325
2023-03-24,10.06984
2023-03-25,9.247238
2023-03-26,9.918317
2023-03-27,9.670365
2023-03-28,6.988491
2023-03-29,6.2665977
2023-03-30,5.9822907
2023-03-31,10.810475
2023-04-01,13.064385
2023-04-02,6.971718
2023-04-03,11.304173
2023-04-04,16.255758
2023-04-05,19.296227
2023-04-06,12.589566
2023-04-07,8.874904
2023-04-08,7.9299607
2023-04-09,9.425093
2023-04-10,11.474505
2023-04-11,14.338325
2023-04-12,18.226944
2023-04-13,19.137274
2023-04-14,19.20166
2023-04-15,19.02365
2023-04-16,15.826724
2023-04-17,10.14408
2023-04-18,9.947096
2023-04-19,13.301908
2023-04-20,18.235146
2023-04-21,16.985672
2023-04-22,12.271077
2023-04-23,8.256927
2023-04-24,7.318151
2023-04-25,8.63082
2023-04-26,10.008328
2023-04-27,11.651841
2023-04-28,13.140186
2023-04-29,13.001803
2023-04-30,11.778168
2023-05-01,9.409919
2023-05-02,9.479459
2023-05-03,9.267524
2023-05-04,11.171708
2023-05-05,13.932223
2023-05-06,16.183975
2023-05-07,18.631641
2023-05-08,18.639872
2023-05-09,17.607588
2023-05-10,16.425625
2023-05-11,18.551739
2023-05-12,20.432577
2023-05-13,20.57207
2023-05-14,19.238152
2023-05-15,17.059519
2023-05-16,17.665611
2023-05-17,16.370764
2023-05-18,14.79438
2023-05-19,18.138536
2023-05-20,16.91879
2023-05-21,16.645426
2023-05-22,18.07345
2023-05-23,19.150438
2023-05-24,19.428188
2023-05-25,16.309395
2023-05-26,15.795032
2023-05-27,17.351273
2023-05-28,18.40348
2023-05-29,20.143267
2023-05-30,21.38231
2023-05-31,22.030045
2023-06-01,22.725657
2023-06-02,23.82075
2023-06-03,23.774252
2023-06-04,21.065214
2023-06-05,19.574268
2023-06-06,19.968855
2023-06-07,19.06473
2023-06-08,17.330862
2023-06-09,17.876883
2023-06-10,19.835455
2023-06-11,20.557377
2023-06-12,18.446215
2023-06-13,17.633932
2023-06-14,19.276846
2023-06-15,20.601948
2023-06-16,19.573816
2023-06-17,19.676733
2023-06-18,20.931005
2023-06-19,22.084824
2023-06-20,22.659063
2023-06-21,21.96679
2023-06-22,20.126265
2023-06-23,21.121655
2023-06-24,23.136848
2023-06-25,24.483847
2023-06-26,23.445007
2023-06-27,21.539948
2023-06-28,21.524286
2023-06-29,22.655054
2023-06-30,23.690107
2023-07-01,24.346619
2023-07-02,23.869085
2023-07-03,24.091888
2023-07-04,25.07144
2023-07-05,25.823217
2023-07-06,25.266104
2023-07-07,24.239695
2023-07-08,23.489408
2023-07-09,22.512968
2023-07-10,22.749453
2023-07-11,23.902632
2023-07-12,24.590796
2023-07-13,25.14029
2023-07-14,25.106657
2023-07-15,24.761972
2023-07-16,24.183344
2023-07-17,23.904566
2023-07-18,23.044052
2023-07-19,23.186617
2023-07-20,24.58329
2023-07-21,23.449862
2023-07-22,22.641853
2023-07-23,22.989273
2023-07-24,24.033697
2023-07-25,24.2898
2023-07-26,25.692612
2023-07-27,27.532373
2023-07-28,27.779005
2023-07-29,26.38503
2023-07-30,23.82608
2023-07-31,22.747866
2023-08-01,21.906164
2023-08-02,21.746874
2023-08-03,22.599487
2023-08-04,23.639212
2023-08-05,23.870665
2023-08-06,23.644135
2023-08-07,23.362375
2023-08-08,22.23406
2023-08-09,22.578852
2023-08-10,22.51918
2023-08-11,23.48443
2023-08-12,24.539038
2023-08-13,24.371246
2023-08-14,23.579187
2023-08-15,22.49878
2023-08-16,21.586374
2023-08-17,22.262438
2023-08-18,21.626276
2023-08-19,20.446281
2023-08-20,23.500834
2023-08-21,25.981659
2023-08-22,25.075388
2023-08-23,24.166971
2023-08-24,25.529917
2023-08-25,26.356897
2023-08-26,24.981226
2023-08-27,22.53753
2023-08-28,21.360283
2023-08-29,21.76709
2023-08-30,21.509104
2023-08-31,19.142435
2023-09-01,19.573069
2023-09-02,21.790625
2023-09-03,24.629217
2023-09-04,25.931671
2023-09-05,26.083376
2023-09-06,25.424673
2023-09-07,23.44192
2023-09-08,21.702356
2023-09-09,20.88363
2023-09-10,20.718315
2023-09-11,21.093687
2023-09-12,20.51314
2023-09-13,19.377417
2023-09-14,18.141443
2023-09-15,17.435808
2023-09-16,17.724792
2023-09-17,17.706438
2023-09-18,17.55501
2023-09-19,17.380198
2023-09-20,18.821344
2023-09-21,19.56112
2023-09-22,19.638056
2023-09-23,18.24793
2023-09-24,18.096643
2023-09-25,19.004187
2023-09-26,18.67913
2023-09-27,17.90167
2023-09-28,17.668373
2023-09-29,18.627958
2023-09-30,19.588133
2023-10-01,20.124426
2023-10-02,20.523785
2023-10-03,21.056849
2023-10-04,21.385595
2023-10-05,19.9225
2023-10-06,18.11785
2023-10-07,13.371572
2023-10-08,10.511039
2023-10-09,11.117856
2023-10-10,11.676102
2023-10-11,12.6731
2023-10-12,15.401235
2023-10-13,15.552299
2023-10-14,13.694341
2023-10-15,11.257721
2023-10-16,10.231666
2023-10-17,11.0918
2023-10-18,11.939751
2023-10-19,13.196712
2023-10-20,14.071305
2023-10-21,12.759011
2023-10-22,11.707654
2023-10-23,10.271529
2023-10-24,14.535675
2023-10-25,17.248642
2023-10-26,18.276655
2023-10-27,19.220922
2023-10-28,16.010672
2023-10-29,13.142246
2023-10-30,10.219383
2023-10-31,4.511815
2023-11-01,3.1432078
2023-11-02,3.9350498
2023-11-03,7.866482
2023-11-04,11.270297
2023-11-05,10.994855
2023-11-06,12.06722
2023-11-07,15.537169
2023-11-08,13.348538
2023-11-09,13.84528
2023-11-10,9.789726
2023-11-11,6.283748
2023-11-12,6.836048
2023-11-13,7.2365994
2023-11-14,7.8668504
2023-11-15,8.599805
2023-11-16,10.920601
2023-11-17,13.534583
2023-11-18,8.362653
2023-11-19,6.0185056
2023-11-20,6.4918327
2023-11-21,7.1423683
2023-11-22,7.415478
2023-11-23,6.027235
2023-11-24,4.2894187
2023-11-25,1.8060004
2023-11-26,2.9893625
2023-11-27,2.6163056
2023-11-28,-1.5856158
2023-11-29,-1.4276199
2023-11-30,4.7478065
2023-12-01,7.355634
2023-12-02,9.161315
2023-12-03,9.021821
2023-12-04,6.064182
2023-12-05,4.3387785
2023-12-06,3.2853844
2023-12-07,3.9306717
2023-12-08,8.318863
2023-12-09,10.682025
2023-12-10,7.313877
2023-12-11,2.3193502
2023-12-12,2.273178
2023-12-13,2.795905
2023-12-14,2.276145
2023-12-15,4.958772
2023-12-16,6.5672746
2023-12-17,7.9207807
2023-12-18,5.3772388
2023-12-19,-0.47088933
2023-12-20,0.9696081
2023-12-21,3.7072108
2023-12-22,4.943564
2023-12-23,6.9798393
2023-12-24,9.382857
2023-12-25,10.226956
2023-12-26,8.796846
2023-12-27,7.249432
2023-12-28,6.5378833
2023-12-29,4.2930675
2023-12-30,3.1280267
2023-12-31,3.1817322
2024-01-01,2.0789695
2024-01-02,1.2437384
2024-01-03,0.85688287
2024-01-04,1.675598
2024-01-05,-1.1566356
2024-01-06,1.0401582
2024-01-07,2.397824
2024-01-08,2.2256806
2024-01-09,4.113912
2024-01-10,4.0063586
2024-01-11,3.2862618
2024-01-12,3.6967757
2024-01-13,1.138948
2024-01-14,-7.0225697
2024-01-15,-10.512664
2024-01-16,-8.941991
2024-01-17,-9.848751
2024-01-18,-3.970587
2024-01-19,-4.142197
2024-01-20,-9.786761
2024-01-21,-8.653108
2024-01-22,-3.602494
2024-01-23,2.7091885
2024-01-24,6.261616
2024-01-25,9.134343
2024-01-26,9.671092
2024-01-27,6.3299403
2024-01-28,4.8723216
2024-01-29,2.4616141
2024-01-30,2.141363
2024-01-31,3.3441513
2024-02-01,4.4105945
2024-02-02,5.9022713
2024-02-03,3.0959358
2024-02-04,3.4208434
2024-02-05,3.4639156
2024-02-06,2.4508002
2024-02-07,3.0365095
2024-02-08,7.269181
2024-02-09,10.934388
2024-02-10,9.630572
2024-02-11,5.898648
2024-02-12,4.1325383
2024-02-13,3.5509388
2024-02-14,3.2920554
2024-02-15,3.9245946
2024-02-16,2.5388448
2024-02-17,-2.4144065
2024-02-18,-2.7839575
2024-02-19,1.0371627
2024-02-20,2.8748844
2024-02-21,5.9401994
2024-02-22,9.13713
2024-02-23,7.6042037
2024-02-24,2.718155
2024-02-25,1.9632363
2024-02-26,9.232982
2024-02-27,13.585683
2024-02-28,10.196589
2024-02-29,0.56391084
2024-03-01,2.5846622
2024-03-02,7.0779243
2024-03-03,10.576781
2024-03-04,14.025859
2024-03-05,13.495365
2024-03-06,10.429469
2024-03-07,9.132789
2024-03-08,9.591698
2024-03-09,8.265206
2024-03-10,4.389305
2024-03-11,4.909865
2024-03-12,10.8065
2024-03-13,13.341919
2024-03-14,14.717042
2024-03-15,12.954853
2024-03-16,9.257419
2024-03-17,8.980157
2024-03-18,2.9282188
2024-03-19,2.878228
2024-03-20,7.498511
2024-03-21,2.4860947
2024-03-22,4.3252993
2024-03-23,5.17314
2024-03-24,3.2245262
2024-03-25,9.236022
2024-03-26,9.848308
2024-03-27,7.0978584
2024-03-28,6.391951
2024-03-29,8.90221
2024-03-30,11.870482
2024-03-31,12.3069
2024-04-01,13.205358
2024-04-02,12.89298
2024-04-03,8.051565
2024-04-04,5.0416846
2024-04-05,5.2233133
2024-04-06,6.1854267
2024-04-07,9.206948
2024-04-08,13.220573
2024-04-09,15.350642
2024-04-10,14.856743
2024-04-11,15.06398
2024-04-12,12.598503
2024-04-13,11.851317
2024-04-14,16.938793
2024-04-15,19.31867
2024-04-16,18.2287
2024-04-17,18.284134
2024-04-18,16.158451
2024-04-19,13.065529
2024-04-20,10.862597
2024-04-21,7.5793405
2024-04-22,8.723922
2024-04-23,12.0806875
2024-04-24,12.540296
2024-04-25,9.286406
2024-04-26,11.52681
2024-04-27,16.720957
2024-04-28,19.310709
2024-04-29,20.254135
2024-04-30,18.508108
2024-05-01,18.957573
2024-05-02,20.078089
2024-05-03,18.992176
2024-05-04,16.98942
2024-05-05,16.532547
2024-05-06,17.770292
2024-05-07,19.229301
2024-05-08,20.512527
2024-05-09,17.882431
2024-05-10,14.352454
2024-05-11,13.587425
2024-05-12,14.522115
2024-05-13,17.030434
2024-05-14,17.377295
2024-05-15,17.072052
2024-05-16,17.921137
2024-05-17,18.3879
2024-05-18,19.055792
2024-05-19,20.607368
2024-05-20,21.237497
2024-05-21,22.52487
2024-05-22,22.697968
2024-05-23,20.915476
2024-05-24,21.148298
2024-05-25,20.91563
2024-05-26,20.764185
2024-05-27,20.019892
2024-05-28,19.55507
2024-05-29,17.22656
2024-05-30,16.608608
2024-05-31,17.2213
2024-06-01,18.431892
2024-06-02,19.406736
2024-06-03,21.647486
2024-06-04,22.86879
2024-06-05,22.604723
2024-06-06,22.682167
2024-06-07,21.235199
2024-06-08,19.968847
2024-06-09,20.50215
2024-06-10,18.129477
2024-06-11,17.108385
2024-06-12,19.998175
2024-06-13,23.097473
2024-06-14,23.98887
2024-06-15,22.329176
2024-06-16,23.094568
2024-06-17,26.160316
2024-06-18,26.233858
2024-06-19,26.200918
2024-06-20,25.991302
2024-06-21,26.526285
2024-06-22,27.312654
2024-06-23,26.707544
2024-06-24,24.473707
2024-06-25,24.473892
2024-06-26,24.500776
2024-06-27,22.480078
2024-06-28,22.434639
2024-06-29,25.77056
2024-06-30,24.702057
2024-07-01,19.764257
2024-07-02,21.245867
2024-07-03,25.014914
2024-07-04,25.038324
2024-07-05,24.776505
2024-07-06,24.758257
2024-07-07,24.643366
2024-07-08,25.32344
2024-07-09,25.337034
2024-07-10,25.11766
2024-07-11,23.541925
2024-07-12,24.01677
2024-07-13,25.4325
2024-07-14,26.213938
2024-07-15,26.973944
2024-07-16,26.709707
2024-07-17,25.112108
2024-07-18,22.337051
2024-07-19,21.313995
2024-07-20,22.264544
2024-07-21,22.993032
2024-07-22,23.042656
2024-07-23,23.226227
2024-07-24,23.658232
2024-07-25,23.445984
2024-07-26,22.541855
2024-07-27,22.686035
2024-07-28,23.665976
2024-07-29,24.38247
2024-07-30,25.051218
2024-07-31,25.352554
2024-08-01,25.926565
2024-08-02,25.243643
2024-08-03,24.524942
2024-08-04,24.819796
2024-08-05,25.743292
2024-08-06,25.650122
2024-08-07,22.952585
2024-08-08,22.826569
2024-08-09,23.401672
2024-08-10,21.330217
2024-08-11,20.430244
2024-08-12,20.50572
2024-08-13,21.37214
2024-08-14,22.102617
2024-08-15,22.607183
2024-08-16,23.757187
2024-08-17,24.111403
2024-08-18,22.727167
2024-08-19,21.53907
2024-08-20,18.38328
2024-08-21,16.761848
2024-08-22,17.527018
2024-08-23,19.407713
2024-08-24,21.953802
2024-08-25,23.717478
2024-08-26,24.875595
2024-08-27,25.922655
2024-08-28,26.21788
2024-08-29,25.745287
2024-08-30,24.677408
2024-08-31,23.781424
2024-09-01,22.835663
2024-09-02,20.343796
2024-09-03,17.642405
2024-09-04,18.65872
2024-09-05,20.715414
2024-09-06,20.935556
2024-09-07,17.35291
2024-09-08,14.338046
2024-09-09,15.81634
2024-09-10,18.359
2024-09-11,19.85369
2024-09-12,20.685373
2024-09-13,21.018248
2024-09-14,22.20992
2024-09-15,22.17039
2024-09-16,21.039614
2024-09-17,20.472536
2024-09-18,21.180418
2024-09-19,22.141592
2024-09-20,22.567087
2024-09-21,22.838324
2024-09-22,21.362562
2024-09-23,19.91032
2024-09-24,19.199024
2024-09-25,19.230738
2024-09-26,19.739649
2024-09-27,20.252356
2024-09-28,20.136246
2024-09-29,19.81445
2024-09-30,19.710884
2024-10-01,19.167826
2024-10-02,16.392092
2024-10-03,16.664234
2024-10-04,18.17099
2024-10-05,18.933235
2024-10-06,19.126955
2024-10-07,16.678162
2024-10-08,13.376941
2024-10-09,13.7677965
2024-10-10,13.222973
2024-10-11,13.441407
2024-10-12,16.728867
2024-10-13,17.208525
2024-10-14,13.078114
2024-10-15,8.449658
2024-10-16,7.4962335
2024-10-17,8.209164
2024-10-18,10.20782
2024-10-19,11.639064
2024-10-20,12.743256
2024-10-21,14.69437
2024-10-22,16.026716
2024-10-23,17.016504
2024-10-24,13.073031
2024-10-25,12.397934
2024-10-26,13.301343
2024-10-27,9.045436
2024-10-28,10.037673
2024-10-29,16.749777
2024-10-30,18.919796
2024-10-31,18.69752
2024-11-01,14.237637
2024-11-02,9.819716
2024-11-03,10.679925
2024-11-04,15.000163
2024-11-05,17.985971
2024-11-06,17.85021
2024-11-07,14.944203
2024-11-08,11.912224
2024-11-09,10.335096
2024-11-10,11.997689
2024-11-11,13.395279
2024-11-12,9.362544
2024-11-13,6.5212283
2024-11-14,8.486466
2024-11-15,8.879287
2024-11-16,9.301105
2024-11-17,8.882415
2024-11-18,12.463333
2024-11-19,13.603349
2024-11-20,11.152706
2024-11-21,4.5319734
2024-11-22,3.3084514
2024-11-23,5.555804
2024-11-24,6.921945
2024-11-25,9.280322
2024-11-26,7.6344337
2024-11-27,4.888174
2024-11-28,4.829456
2024-11-29,0.9119691
2024-11-30,-2.6001585
2024-12-01,-2.0329485
2024-12-02,-2.6944838
2024-12-03,-2.620864
2024-12-04,-0.43228254
2024-12-05,-0.55506593
2024-12-06,-4.03327
2024-12-07,-0.6089226
2024-12-08,7.02376
2024-12-09,8.939021
2024-12-10,7.5171223
2024-12-11,4.9700775
2024-12-12,-2.354904
2024-12-13,-2.9309883
2024-12-14,-0.3008403
2024-12-15,4.2538896
2024-12-16,8.12939
2024-12-17,8.218085
2024-12-18,4.7936234
2024-12-19,2.777921
2024-12-20,1.6870164
2024-12-21,-1.3073487
2024-12-22,-4.1804276
2024-12-23,-1.5385193
2024-12-24,3.1841018
2024-12-25,3.8454788
2024-12-26,4.6538825
2024-12-27,6.0382805
2024-12-28,9.866786
2024-12-29,11.179423
2024-12-30,8.659664
2024-12-31,6.7073226
2025-01-01,3.648407
2025-01-02,0.44887075
2025-01-03,-0.65092486
2025-01-04,-4.1910686
2025-01-05,-4.6081223
2025-01-06,-3.5607226
2025-01-07,-4.4358897
2025-01-08,-5.155277
2025-01-09,-6.612204
2025-01-10,-4.9721546
2025-01-11,-2.3887699
2025-01-12,-1.4344786
2025-01-13,-1.5782328
2025-01-14,-5.299937
2025-01-15,-7.8140354
2025-01-16,-3.5327237
2025-01-17,0.9496553
2025-01-18,2.574947
2025-01-19,-2.8895361
2025-01-20,-10.426546
2025-01-21,-12.978664
2025-01-22,-12.292653
2025-01-23,-6.1751094
2025-01-24,-6.225401
2025-01-25,-3.5660818
2025-01-26,0.64214784
2025-01-27,-1.1157662
2025-01-28,2.6623735
2025-01-29,5.7370515
2025-01-30,2.8575294
2025-01-31,6.9084992
2025-02-01,3.3164616
2025-02-02,1.4414355
2025-02-03,7.457578
2025-02-04,6.359297
2025-02-05,0.5854618
2025-02-06,3.5635593
2025-02-07,2.538926
2025-02-08,1.2037431
2025-02-09,1.2664523
2025-02-10,-0.6675458
2025-02-11,-0.6960451
2025-02-12,-0.4652237
2025-02-13,0.33402565
2025-02-14,-3.6503804
2025-02-15,1.1185032
2025-02-16,2.5023644
2025-02-17,-4.5558
2025-02-18,-7.41863
2025-02-19,-8.30891
2025-02-20,-8.38227
2025-02-21,-6.1857314
2025-02-22,-3.8420537
2025-02-23,0.64881974
2025-02-24,4.73207
2025-02-25,8.498549
2025-02-26,7.726294
2025-02-27,9.086629
2025-02-28,7.212477
2025-03-01,5.748678
2025-03-02,-2.6152618
2025-03-03,0.7402981
2025-03-04,8.332684
2025-03-05,10.351142
2025-03-06,3.275854
2025-03-07,3.4018242
2025-03-08,4.9975295
2025-03-09,5.3436856
2025-03-10,9.045852
2025-03-11,12.091828
2025-03-12,11.086934
2025-03-13,11.298599
2025-03-14,13.613738
2025-03-15,14.591687
2025-03-16,11.721166
2025-03-17,6.3029075
2025-03-18,9.607726
2025-03-19,14.660934
2025-03-20,9.867996
2025-03-21,5.5632744
2025-03-22,8.847247
2025-03-23,6.045422
2025-03-24,8.4617605
2025-03-25,8.172761
2025-03-26,6.473417
2025-03-27,7.5631943
2025-03-28,13.887802
2025-03-29,18.336657
2025-03-30,16.729641
2025-03-31,12.479607
2025-04-01,6.990209
2025-04-02,11.217805
2025-04-03,15.815755
2025-04-04,13.576816
2025-04-05,13.513782
2025-04-06,9.872426
2025-04-07,6.6856627
2025-04-08,3.3796635
2025-04-09,4.497251
2025-04-10,8.567132
2025-04-11,7.385699
2025-04-12,6.8277144
2025-04-13,10.155248
2025-04-14,15.511143
2025-04-15,12.578425
2025-04-16,9.041289
2025-04-17,10.688721
2025-04-18,17.28364
2025-04-19,19.680029
2025-04-20,16.697947
2025-04-21,16.722967
2025-04-22,15.678752
2025-04-23,16.95738
2025-04-24,18.533472
2025-04-25,18.32258
2025-04-26,15.413966
2025-04-27,12.166663
2025-04-28,16.030624
2025-04-29,20.487902
2025-04-30,17.348276
2025-05-01,18.501524
2025-05-02,18.583357
2025-05-03,15.766403
2025-05-04,13.509907
2025-05-05,13.870307
2025-05-06,14.540465
2025-05-07,16.3796
2025-05-08,16.378126
2025-05-09,13.604034
2025-05-10,14.515855
2025-05-11,17.093231
2025-05-12,18.400808
2025-05-13,18.98246
2025-05-14,19.010187
2025-05-15,21.447992
2025-05-16,22.379753
2025-05-17,20.107965
2025-05-18,18.296907
2025-05-19,17.100218
2025-05-20,16.013
2025-05-21,15.411231
2025-05-22,13.516995
2025-05-23,12.967847
2025-05-24,14.16923
2025-05-25,14.726364
2025-05-26,15.376339
2025-05-27,16.021286
2025-05-28,15.425652
2025-05-29,16.957655
2025-05-30,17.715578
2025-05-31,17.009329
2025-06-01,15.233577
2025-06-02,16.980848
2025-06-03,20.703938
2025-06-04,22.781168
2025-06-05,21.98335
2025-06-06,21.6452
2025-06-07,21.060068
2025-06-08,20.600458
2025-06-09,20.30905
2025-06-10,20.275537
2025-06-11,21.559029
2025-06-12,23.34105
2025-06-13,22.822065
2025-06-14,21.56392
2025-06-15,21.256306
2025-06-16,21.452425
2025-06-17,22.661875
2025-06-18,24.05349
2025-06-19,23.245157
2025-06-20,22.675003
2025-06-21,25.577026
2025-06-22,27.467003
2025-06-23,28.515066
2025-06-24,28.758238
2025-06-25,28.021093
2025-06-26,26.902166
2025-06-27,24.959038
2025-06-28,24.594034
2025-06-29,25.342295
2025-06-30,25.648535
2025-07-01,25.135706
2025-07-02,24.272705
2025-07-03,25.067743
2025-07-04,25.162382
2025-07-05,25.706268
2025-07-06,26.276123
2025-07-07,25.57855
2025-07-08,24.9235
2025-07-09,24.643211
2025-07-10,24.647797
2025-07-11,25.885576
2025-07-12,26.117048
2025-07-13,25.021408
2025-07-14,24.844542
2025-07-15,25.319437
2025-07-16,26.096107
2025-07-17,25.670197
2025-07-18,24.06099
2025-07-19,24.22769
2025-07-20,25.234482
2025-07-21,24.355017
2025-07-22,23.595785
2025-07-23,24.89805
2025-07-24,26.643705
2025-07-25,27.022573
2025-07-26,26.5283
2025-07-27,26.444283
2025-07-28,26.742836
2025-07-29,27.073576
2025-07-30,27.12602
2025-07-31,24.373093
2025-08-01,21.007074
2025-08-02,20.287003
2025-08-03,20.392244
2025-08-04,21.554804
2025-08-05,22.55802
2025-08-06,23.12145
2025-08-07,23.479996
2025-08-08,24.117731
2025-08-09,24.571564
2025-08-10,24.804102
2025-08-11,25.179886
2025-08-12,25.905706
2025-08-13,25.016525
2025-08-14,24.760073
2025-08-15,25.644445
2025-08-16,26.36409
2025-08-17,25.892975
2025-08-18,24.53396
2025-08-19,24.041307
2025-08-20,22.89708
2025-08-21,21.484346
2025-08-22,21.634714
2025-08-23,22.409964
2025-08-24,21.807512
2025-08-25,19.636229
2025-08-26,17.875458
2025-08-27,17.448355
2025-08-28,18.207882
2025-08-29,18.978495
2025-08-30,18.136602
2025-08-31,18.509119
2025-09-01,18.870552
2025-09-02,19.543894
2025-09-03,19.87203
2025-09-04,18.965769
2025-09-05,19.319517
2025-09-06,18.964064
2025-09-07,16.314667
2025-09-08,15.481738
2025-09-09,16.671473
2025-09-10,18.764084
2025-09-11,20.230997
2025-09-12,20.499079
2025-09-13,21.050531
2025-09-14,22.417803
2025-09-15,22.358072
2025-09-16,21.404959
2025-09-17,20.708927
2025-09-18,21.420946
2025-09-19,22.065165
2025-09-20,21.539057
2025-09-21,21.16337
2025-09-22,20.698793
2025-09-23,20.866163
2025-09-24,20.836597
2025-09-25,20.670435
2025-09-26,20.20534
2025-09-27,20.23052
2025-09-28,20.99724
2025-09-29,20.708357
2025-09-30,20.782385
2025-10-01,19.351511
2025-10-02,17.900969
2025-10-03,18.813238
2025-10-04,19.703455
2025-10-05,19.916412
2025-10-06,20.26696
2025-10-07,19.92311
2025-10-08,16.85317
2025-10-09,12.71412
2025-10-10,12.080081
2025-10-11,14.657462
2025-10-12,15.286537
2025-10-13,15.767711
2025-10-14,16.251837
2025-10-15,15.803891
2025-10-16,14.37479
2025-10-17,13.396797
2025-10-18,17.00945
2025-10-19,16.310144
2025-10-20,12.2020235
2025-10-21,12.478473
2025-10-22,11.242206
2025-10-23,9.536559
2025-10-24,7.924086
2025-10-25,8.607842
2025-10-26,10.154422
2025-10-27,9.552655
2025-10-28,9.825686
2025-10-29,9.577734
2025-10-30,10.077473
2025-10-31,9.10608
2025-11-01,8.748736
2025-11-02,7.835235
2025-11-03,9.009833
2025-11-04,9.674586
2025-11-05,12.288677
2025-11-06,9.830556
2025-11-07,10.583654
2025-11-08,11.645883
2025-11-09,7.8419824
2025-11-10,2.0352495
2025-11-11,0.0903864
2025-11-12,6.537252
2025-11-13,8.091869
2025-11-14,8.894917
2025-11-15,13.680687
2025-11-16,11.695512
2025-11-17,5.222254
2025-11-18,5.5677657
2025-11-19,7.2276626
2025-11-20,6.908873
2025-11-21,9.233988
2025-11-22,9.446068
2025-11-23,7.1467133
2025-11-24,6.676061
2025-11-25,9.963803
2025-11-26,9.3768835
2025-11-27,2.3894868
2025-11-28,-0.7142518
2025-11-29,-0.62308425
2025-11-30,1.6428963
2025-12-01,-0.92166454
2025-12-02,-1.0214638
2025-12-03,-1.5955125
2025-12-04,-2.1108606
2025-12-05,-4.4745584
2025-12-06,0.051270932
2025-12-07,1.1037151
2025-12-08,-2.452297
2025-12-09,-3.0287893
2025-12-10,3.180376
2025-12-11,-0.3201201
2025-12-12,-1.3994141
2025-12-13,-2.0662973
2025-12-14,-7.91802
2025-12-15,-9.578246
2025-12-16,-2.825508
2025-12-17,4.482492
2025-12-18,6.2677402
2025-12-19,3.256048
2025-12-20,0.6742851
2025-12-21,2.5434122
2025-12-22,0.57097805
2025-12-23,7.238213
2025-12-24,7.632675
2025-12-25,8.268178
2025-12-26,6.810024
2025-12-27,6.3003755
2025-12-28,8.488471
2025-12-29,2.5731034
2025-12-30,-4.4319944
2025-12-31,-1.8904886
